,longitude,lattitude,id_cycliste,time,status
0,2.194304931865436,5.262623377716237,24,0,"{'id': 24, 'vitesse_a_pied': 0.20858012519045266, 'vitesse_a_velo': 0.5562136671745405, 'trajet': <Trajet.Trajet object at 0x11fbbc780>, 'sur_velo': False, 'velo': False, 'vitesse': 0.20858012519045266, 'destination_finale': False, 'sportif': False, 'casseur': False, 'statut': 'employe', 'salaire': 22114.24077934936}"
0,2.194304931865436,5.262623377716237,24,1,"{'id': '24', 'vitesse_a_pied': '0.20858012519045266', 'vitesse_a_velo': '0.5562136671745405', 'trajet': '(lon:2.19 lat:5.26) -> (lon:2.00 lat:5.00)', 'sur_velo': 'False', 'velo': 'False', 'vitesse': '0.20858012519045266', 'destination_finale': '(lon:6.24 lat:2.75)', 'sportif': 'False', 'casseur': 'False', 'statut': 'employe', 'salaire': '22114.24077934936'}"
0,2.0702475074220232,5.094946831756666,24,2,"{'id': '24', 'vitesse_a_pied': '0.20858012519045266', 'vitesse_a_velo': '0.5562136671745405', 'trajet': '(lon:2.19 lat:5.26) -> (lon:2.00 lat:5.00)', 'sur_velo': 'False', 'velo': 'False', 'vitesse': '0.20858012519045266', 'destination_finale': '(lon:6.24 lat:2.75)', 'sportif': 'False', 'casseur': 'False', 'statut': 'employe', 'salaire': '22114.24077934936'}"
0,1.9461900829786103,4.927270285797096,24,3,"{'id': '24', 'vitesse_a_pied': '0.20858012519045266', 'vitesse_a_velo': '0.5562136671745405', 'trajet': '(lon:2.19 lat:5.26) -> (lon:2.00 lat:5.00)', 'sur_velo': 'False', 'velo': 'False', 'vitesse': '0.20858012519045266', 'destination_finale': '(lon:6.24 lat:2.75)', 'sportif': 'False', 'casseur': 'False', 'statut': 'employe', 'salaire': '22114.24077934936'}"
0,2.0,5.0,24,4,"{'id': '24', 'vitesse_a_pied': '0.20858012519045266', 'vitesse_a_velo': '0.5562136671745405', 'trajet': '(lon:2.19 lat:5.26) -> (lon:2.00 lat:5.00)', 'sur_velo': 'False', 'velo': 'False', 'vitesse': '0.20858012519045266', 'destination_finale': '(lon:6.24 lat:2.75)', 'sportif': 'False', 'casseur': 'False', 'statut': 'employe', 'salaire': '22114.24077934936'}"
0,2.0,5.0,24,5,"{'id': '24', 'vitesse_a_pied': '0.20858012519045266', 'vitesse_a_velo': '0.5562136671745405', 'trajet': '(lon:2.00 lat:5.00) -> (lon:6.00 lat:3.00)', 'sur_velo': 'True', 'velo': ""'id': 2, 'performance': 2"", 'vitesse': '0.5484161557668481', 'destination_finale': '(lon:6.24 lat:2.75)', 'sportif': 'False', 'casseur': 'False', 'statut': 'employe', 'salaire': '22114.24077934936'}"
0,2.490518321701514,4.7547408391492425,24,6,"{'id': '24', 'vitesse_a_pied': '0.20858012519045266', 'vitesse_a_velo': '0.5562136671745405', 'trajet': '(lon:2.00 lat:5.00) -> (lon:6.00 lat:3.00)', 'sur_velo': 'True', 'velo': ""'id': 2, 'performance': 2"", 'vitesse': '0.5484161557668481', 'destination_finale': '(lon:6.24 lat:2.75)', 'sportif': 'False', 'casseur': 'False', 'statut': 'employe', 'salaire': '22114.24077934936'}"
0,2.981036643403028,4.509481678298485,24,7,"{'id': '24', 'vitesse_a_pied': '0.20858012519045266', 'vitesse_a_velo': '0.5562136671745405', 'trajet': '(lon:2.00 lat:5.00) -> (lon:6.00 lat:3.00)', 'sur_velo': 'True', 'velo': ""'id': 2, 'performance': 2"", 'vitesse': '0.5484161557668481', 'destination_finale': '(lon:6.24 lat:2.75)', 'sportif': 'False', 'casseur': 'False', 'statut': 'employe', 'salaire': '22114.24077934936'}"
0,3.4715549651045423,4.2642225174477275,24,8,"{'id': '24', 'vitesse_a_pied': '0.20858012519045266', 'vitesse_a_velo': '0.5562136671745405', 'trajet': '(lon:2.00 lat:5.00) -> (lon:6.00 lat:3.00)', 'sur_velo': 'True', 'velo': ""'id': 2, 'performance': 2"", 'vitesse': '0.5484161557668481', 'destination_finale': '(lon:6.24 lat:2.75)', 'sportif': 'False', 'casseur': 'False', 'statut': 'employe', 'salaire': '22114.24077934936'}"
0,3.9620732868060564,4.01896335659697,24,9,"{'id': '24', 'vitesse_a_pied': '0.20858012519045266', 'vitesse_a_velo': '0.5562136671745405', 'trajet': '(lon:2.00 lat:5.00) -> (lon:6.00 lat:3.00)', 'sur_velo': 'True', 'velo': ""'id': 2, 'performance': 2"", 'vitesse': '0.5484161557668481', 'destination_finale': '(lon:6.24 lat:2.75)', 'sportif': 'False', 'casseur': 'False', 'statut': 'employe', 'salaire': '22114.24077934936'}"
0,4.4525916085075705,3.773704195746213,24,10,"{'id': '24', 'vitesse_a_pied': '0.20858012519045266', 'vitesse_a_velo': '0.5562136671745405', 'trajet': '(lon:2.00 lat:5.00) -> (lon:6.00 lat:3.00)', 'sur_velo': 'True', 'velo': ""'id': 2, 'performance': 2"", 'vitesse': '0.5484161557668481', 'destination_finale': '(lon:6.24 lat:2.75)', 'sportif': 'False', 'casseur': 'False', 'statut': 'employe', 'salaire': '22114.24077934936'}"
0,4.943109930209085,3.528445034895456,24,11,"{'id': '24', 'vitesse_a_pied': '0.20858012519045266', 'vitesse_a_velo': '0.5562136671745405', 'trajet': '(lon:2.00 lat:5.00) -> (lon:6.00 lat:3.00)', 'sur_velo': 'True', 'velo': ""'id': 2, 'performance': 2"", 'vitesse': '0.5484161557668481', 'destination_finale': '(lon:6.24 lat:2.75)', 'sportif': 'False', 'casseur': 'False', 'statut': 'employe', 'salaire': '22114.24077934936'}"
0,5.433628251910599,3.283185874044699,24,12,"{'id': '24', 'vitesse_a_pied': '0.20858012519045266', 'vitesse_a_velo': '0.5562136671745405', 'trajet': '(lon:2.00 lat:5.00) -> (lon:6.00 lat:3.00)', 'sur_velo': 'True', 'velo': ""'id': 2, 'performance': 2"", 'vitesse': '0.5484161557668481', 'destination_finale': '(lon:6.24 lat:2.75)', 'sportif': 'False', 'casseur': 'False', 'statut': 'employe', 'salaire': '22114.24077934936'}"
0,5.924146573612113,3.037926713193942,24,13,"{'id': '24', 'vitesse_a_pied': '0.20858012519045266', 'vitesse_a_velo': '0.5562136671745405', 'trajet': '(lon:2.00 lat:5.00) -> (lon:6.00 lat:3.00)', 'sur_velo': 'True', 'velo': ""'id': 2, 'performance': 2"", 'vitesse': '0.5484161557668481', 'destination_finale': '(lon:6.24 lat:2.75)', 'sportif': 'False', 'casseur': 'False', 'statut': 'employe', 'salaire': '22114.24077934936'}"
0,6.0,3.0,24,14,"{'id': '24', 'vitesse_a_pied': '0.20858012519045266', 'vitesse_a_velo': '0.5562136671745405', 'trajet': '(lon:2.00 lat:5.00) -> (lon:6.00 lat:3.00)', 'sur_velo': 'True', 'velo': ""'id': 2, 'performance': 2"", 'vitesse': '0.5484161557668481', 'destination_finale': '(lon:6.24 lat:2.75)', 'sportif': 'False', 'casseur': 'False', 'statut': 'employe', 'salaire': '22114.24077934936'}"
0,6.0,3.0,24,15,"{'id': '24', 'vitesse_a_pied': '0.20858012519045266', 'vitesse_a_velo': '0.5562136671745405', 'trajet': '(lon:6.00 lat:3.00) -> (lon:6.24 lat:2.75)', 'sur_velo': 'False', 'velo': 'False', 'vitesse': '0.20858012519045266', 'destination_finale': '(lon:6.24 lat:2.75)', 'sportif': 'False', 'casseur': 'False', 'statut': 'employe', 'salaire': '22114.24077934936'}"
0,6.142764913195458,2.847934723934889,24,16,"{'id': '24', 'vitesse_a_pied': '0.20858012519045266', 'vitesse_a_velo': '0.5562136671745405', 'trajet': '(lon:6.00 lat:3.00) -> (lon:6.24 lat:2.75)', 'sur_velo': 'False', 'velo': 'False', 'vitesse': '0.20858012519045266', 'destination_finale': '(lon:6.24 lat:2.75)', 'sportif': 'False', 'casseur': 'False', 'statut': 'employe', 'salaire': '22114.24077934936'}"
0,6.285529826390915,2.695869447869778,24,17,"{'id': '24', 'vitesse_a_pied': '0.20858012519045266', 'vitesse_a_velo': '0.5562136671745405', 'trajet': '(lon:6.00 lat:3.00) -> (lon:6.24 lat:2.75)', 'sur_velo': 'False', 'velo': 'False', 'vitesse': '0.20858012519045266', 'destination_finale': '(lon:6.24 lat:2.75)', 'sportif': 'False', 'casseur': 'False', 'statut': 'employe', 'salaire': '22114.24077934936'}"
0,6.238746021278979,2.7457009651557014,24,18,"{'id': '24', 'vitesse_a_pied': '0.20858012519045266', 'vitesse_a_velo': '0.5562136671745405', 'trajet': '(lon:6.00 lat:3.00) -> (lon:6.24 lat:2.75)', 'sur_velo': 'False', 'velo': 'False', 'vitesse': '0.20858012519045266', 'destination_finale': '(lon:6.24 lat:2.75)', 'sportif': 'False', 'casseur': 'False', 'statut': 'employe', 'salaire': '22114.24077934936'}"
0,6.238746021278979,2.7457009651557014,24,19,"{'id': '24', 'vitesse_a_pied': '0.20858012519045266', 'vitesse_a_velo': '0.5562136671745405', 'trajet': '(lon:6.24 lat:2.75) -> (lon:6.00 lat:3.00)', 'sur_velo': 'False', 'velo': 'False', 'vitesse': '0.20858012519045266', 'destination_finale': '(lon:2.19 lat:5.26)', 'sportif': 'False', 'casseur': 'False', 'statut': 'employe', 'salaire': '22114.24077934936'}"
0,6.095981108083522,2.8977662412208125,24,20,"{'id': '24', 'vitesse_a_pied': '0.20858012519045266', 'vitesse_a_velo': '0.5562136671745405', 'trajet': '(lon:6.24 lat:2.75) -> (lon:6.00 lat:3.00)', 'sur_velo': 'False', 'velo': 'False', 'vitesse': '0.20858012519045266', 'destination_finale': '(lon:2.19 lat:5.26)', 'sportif': 'False', 'casseur': 'False', 'statut': 'employe', 'salaire': '22114.24077934936'}"
0,5.953216194888064,3.0498315172859236,24,21,"{'id': '24', 'vitesse_a_pied': '0.20858012519045266', 'vitesse_a_velo': '0.5562136671745405', 'trajet': '(lon:6.24 lat:2.75) -> (lon:6.00 lat:3.00)', 'sur_velo': 'False', 'velo': 'False', 'vitesse': '0.20858012519045266', 'destination_finale': '(lon:2.19 lat:5.26)', 'sportif': 'False', 'casseur': 'False', 'statut': 'employe', 'salaire': '22114.24077934936'}"
0,6.0,3.0,24,22,"{'id': '24', 'vitesse_a_pied': '0.20858012519045266', 'vitesse_a_velo': '0.5562136671745405', 'trajet': '(lon:6.24 lat:2.75) -> (lon:6.00 lat:3.00)', 'sur_velo': 'False', 'velo': 'False', 'vitesse': '0.20858012519045266', 'destination_finale': '(lon:2.19 lat:5.26)', 'sportif': 'False', 'casseur': 'False', 'statut': 'employe', 'salaire': '22114.24077934936'}"
0,6.0,3.0,24,23,"{'id': '24', 'vitesse_a_pied': '0.20858012519045266', 'vitesse_a_velo': '0.5562136671745405', 'trajet': '(lon:6.00 lat:3.00) -> (lon:2.00 lat:5.00)', 'sur_velo': 'True', 'velo': ""'id': 2, 'performance': 2"", 'vitesse': '0.5474531058456941', 'destination_finale': '(lon:2.19 lat:5.26)', 'sportif': 'False', 'casseur': 'False', 'statut': 'employe', 'salaire': '22114.24077934936'}"
0,5.510343056334256,3.244828471832872,24,24,"{'id': '24', 'vitesse_a_pied': '0.20858012519045266', 'vitesse_a_velo': '0.5562136671745405', 'trajet': '(lon:6.00 lat:3.00) -> (lon:2.00 lat:5.00)', 'sur_velo': 'True', 'velo': ""'id': 2, 'performance': 2"", 'vitesse': '0.5474531058456941', 'destination_finale': '(lon:2.19 lat:5.26)', 'sportif': 'False', 'casseur': 'False', 'statut': 'employe', 'salaire': '22114.24077934936'}"
0,5.020686112668512,3.489656943665744,24,25,"{'id': '24', 'vitesse_a_pied': '0.20858012519045266', 'vitesse_a_velo': '0.5562136671745405', 'trajet': '(lon:6.00 lat:3.00) -> (lon:2.00 lat:5.00)', 'sur_velo': 'True', 'velo': ""'id': 2, 'performance': 2"", 'vitesse': '0.5474531058456941', 'destination_finale': '(lon:2.19 lat:5.26)', 'sportif': 'False', 'casseur': 'False', 'statut': 'employe', 'salaire': '22114.24077934936'}"
0,4.531029169002768,3.734485415498616,24,26,"{'id': '24', 'vitesse_a_pied': '0.20858012519045266', 'vitesse_a_velo': '0.5562136671745405', 'trajet': '(lon:6.00 lat:3.00) -> (lon:2.00 lat:5.00)', 'sur_velo': 'True', 'velo': ""'id': 2, 'performance': 2"", 'vitesse': '0.5474531058456941', 'destination_finale': '(lon:2.19 lat:5.26)', 'sportif': 'False', 'casseur': 'False', 'statut': 'employe', 'salaire': '22114.24077934936'}"
0,4.041372225337025,3.9793138873314877,24,27,"{'id': '24', 'vitesse_a_pied': '0.20858012519045266', 'vitesse_a_velo': '0.5562136671745405', 'trajet': '(lon:6.00 lat:3.00) -> (lon:2.00 lat:5.00)', 'sur_velo': 'True', 'velo': ""'id': 2, 'performance': 2"", 'vitesse': '0.5474531058456941', 'destination_finale': '(lon:2.19 lat:5.26)', 'sportif': 'False', 'casseur': 'False', 'statut': 'employe', 'salaire': '22114.24077934936'}"
0,3.5517152816712807,4.224142359164359,24,28,"{'id': '24', 'vitesse_a_pied': '0.20858012519045266', 'vitesse_a_velo': '0.5562136671745405', 'trajet': '(lon:6.00 lat:3.00) -> (lon:2.00 lat:5.00)', 'sur_velo': 'True', 'velo': ""'id': 2, 'performance': 2"", 'vitesse': '0.5474531058456941', 'destination_finale': '(lon:2.19 lat:5.26)', 'sportif': 'False', 'casseur': 'False', 'statut': 'employe', 'salaire': '22114.24077934936'}"
0,3.062058338005537,4.468970830997231,24,29,"{'id': '24', 'vitesse_a_pied': '0.20858012519045266', 'vitesse_a_velo': '0.5562136671745405', 'trajet': '(lon:6.00 lat:3.00) -> (lon:2.00 lat:5.00)', 'sur_velo': 'True', 'velo': ""'id': 2, 'performance': 2"", 'vitesse': '0.5474531058456941', 'destination_finale': '(lon:2.19 lat:5.26)', 'sportif': 'False', 'casseur': 'False', 'statut': 'employe', 'salaire': '22114.24077934936'}"
0,2.572401394339793,4.713799302830102,24,30,"{'id': '24', 'vitesse_a_pied': '0.20858012519045266', 'vitesse_a_velo': '0.5562136671745405', 'trajet': '(lon:6.00 lat:3.00) -> (lon:2.00 lat:5.00)', 'sur_velo': 'True', 'velo': ""'id': 2, 'performance': 2"", 'vitesse': '0.5474531058456941', 'destination_finale': '(lon:2.19 lat:5.26)', 'sportif': 'False', 'casseur': 'False', 'statut': 'employe', 'salaire': '22114.24077934936'}"
0,2.082744450674049,4.958627774662974,24,31,"{'id': '24', 'vitesse_a_pied': '0.20858012519045266', 'vitesse_a_velo': '0.5562136671745405', 'trajet': '(lon:6.00 lat:3.00) -> (lon:2.00 lat:5.00)', 'sur_velo': 'True', 'velo': ""'id': 2, 'performance': 2"", 'vitesse': '0.5474531058456941', 'destination_finale': '(lon:2.19 lat:5.26)', 'sportif': 'False', 'casseur': 'False', 'statut': 'employe', 'salaire': '22114.24077934936'}"
0,2.0,5.0,24,32,"{'id': '24', 'vitesse_a_pied': '0.20858012519045266', 'vitesse_a_velo': '0.5562136671745405', 'trajet': '(lon:6.00 lat:3.00) -> (lon:2.00 lat:5.00)', 'sur_velo': 'True', 'velo': ""'id': 2, 'performance': 2"", 'vitesse': '0.5474531058456941', 'destination_finale': '(lon:2.19 lat:5.26)', 'sportif': 'False', 'casseur': 'False', 'statut': 'employe', 'salaire': '22114.24077934936'}"
0,2.0,5.0,24,33,"{'id': '24', 'vitesse_a_pied': '0.20858012519045266', 'vitesse_a_velo': '0.5562136671745405', 'trajet': '(lon:2.00 lat:5.00) -> (lon:2.19 lat:5.26)', 'sur_velo': 'False', 'velo': 'False', 'vitesse': '0.20858012519045266', 'destination_finale': '(lon:2.19 lat:5.26)', 'sportif': 'False', 'casseur': 'False', 'statut': 'employe', 'salaire': '22114.24077934936'}"
0,2.124057424443413,5.16767654595957,24,34,"{'id': '24', 'vitesse_a_pied': '0.20858012519045266', 'vitesse_a_velo': '0.5562136671745405', 'trajet': '(lon:2.00 lat:5.00) -> (lon:2.19 lat:5.26)', 'sur_velo': 'False', 'velo': 'False', 'vitesse': '0.20858012519045266', 'destination_finale': '(lon:2.19 lat:5.26)', 'sportif': 'False', 'casseur': 'False', 'statut': 'employe', 'salaire': '22114.24077934936'}"
0,2.248114848886826,5.33535309191914,24,35,"{'id': '24', 'vitesse_a_pied': '0.20858012519045266', 'vitesse_a_velo': '0.5562136671745405', 'trajet': '(lon:2.00 lat:5.00) -> (lon:2.19 lat:5.26)', 'sur_velo': 'False', 'velo': 'False', 'vitesse': '0.20858012519045266', 'destination_finale': '(lon:2.19 lat:5.26)', 'sportif': 'False', 'casseur': 'False', 'statut': 'employe', 'salaire': '22114.24077934936'}"
0,2.194304931865436,5.262623377716237,24,36,"{'id': '24', 'vitesse_a_pied': '0.20858012519045266', 'vitesse_a_velo': '0.5562136671745405', 'trajet': '(lon:2.00 lat:5.00) -> (lon:2.19 lat:5.26)', 'sur_velo': 'False', 'velo': 'False', 'vitesse': '0.20858012519045266', 'destination_finale': '(lon:2.19 lat:5.26)', 'sportif': 'False', 'casseur': 'False', 'statut': 'employe', 'salaire': '22114.24077934936'}"
0,2.194304931865436,5.262623377716237,24,37,"{'id': '24', 'vitesse_a_pied': '0.20858012519045266', 'vitesse_a_velo': '0.5562136671745405', 'trajet': '(lon:2.19 lat:5.26) -> (lon:2.00 lat:5.00)', 'sur_velo': 'False', 'velo': 'False', 'vitesse': '0.20858012519045266', 'destination_finale': '(lon:6.24 lat:2.75)', 'sportif': 'False', 'casseur': 'False', 'statut': 'employe', 'salaire': '22114.24077934936'}"
0,2.0702475074220232,5.094946831756666,24,38,"{'id': '24', 'vitesse_a_pied': '0.20858012519045266', 'vitesse_a_velo': '0.5562136671745405', 'trajet': '(lon:2.19 lat:5.26) -> (lon:2.00 lat:5.00)', 'sur_velo': 'False', 'velo': 'False', 'vitesse': '0.20858012519045266', 'destination_finale': '(lon:6.24 lat:2.75)', 'sportif': 'False', 'casseur': 'False', 'statut': 'employe', 'salaire': '22114.24077934936'}"
0,1.9461900829786103,4.927270285797096,24,39,"{'id': '24', 'vitesse_a_pied': '0.20858012519045266', 'vitesse_a_velo': '0.5562136671745405', 'trajet': '(lon:2.19 lat:5.26) -> (lon:2.00 lat:5.00)', 'sur_velo': 'False', 'velo': 'False', 'vitesse': '0.20858012519045266', 'destination_finale': '(lon:6.24 lat:2.75)', 'sportif': 'False', 'casseur': 'False', 'statut': 'employe', 'salaire': '22114.24077934936'}"
0,2.0,5.0,24,40,"{'id': '24', 'vitesse_a_pied': '0.20858012519045266', 'vitesse_a_velo': '0.5562136671745405', 'trajet': '(lon:2.19 lat:5.26) -> (lon:2.00 lat:5.00)', 'sur_velo': 'False', 'velo': 'False', 'vitesse': '0.20858012519045266', 'destination_finale': '(lon:6.24 lat:2.75)', 'sportif': 'False', 'casseur': 'False', 'statut': 'employe', 'salaire': '22114.24077934936'}"
0,2.0,5.0,24,41,"{'id': '24', 'vitesse_a_pied': '0.20858012519045266', 'vitesse_a_velo': '0.5562136671745405', 'trajet': '(lon:2.00 lat:5.00) -> (lon:6.00 lat:3.00)', 'sur_velo': 'True', 'velo': ""'id': 2, 'performance': 2"", 'vitesse': '0.5350397439333807', 'destination_finale': '(lon:6.24 lat:2.75)', 'sportif': 'False', 'casseur': 'False', 'statut': 'employe', 'salaire': '22114.24077934936'}"
0,2.478554095239648,4.760722952380176,24,42,"{'id': '24', 'vitesse_a_pied': '0.20858012519045266', 'vitesse_a_velo': '0.5562136671745405', 'trajet': '(lon:2.00 lat:5.00) -> (lon:6.00 lat:3.00)', 'sur_velo': 'True', 'velo': ""'id': 2, 'performance': 2"", 'vitesse': '0.5350397439333807', 'destination_finale': '(lon:6.24 lat:2.75)', 'sportif': 'False', 'casseur': 'False', 'statut': 'employe', 'salaire': '22114.24077934936'}"
0,2.957108190479296,4.521445904760352,24,43,"{'id': '24', 'vitesse_a_pied': '0.20858012519045266', 'vitesse_a_velo': '0.5562136671745405', 'trajet': '(lon:2.00 lat:5.00) -> (lon:6.00 lat:3.00)', 'sur_velo': 'True', 'velo': ""'id': 2, 'performance': 2"", 'vitesse': '0.5350397439333807', 'destination_finale': '(lon:6.24 lat:2.75)', 'sportif': 'False', 'casseur': 'False', 'statut': 'employe', 'salaire': '22114.24077934936'}"
0,3.4356622857189443,4.282168857140528,24,44,"{'id': '24', 'vitesse_a_pied': '0.20858012519045266', 'vitesse_a_velo': '0.5562136671745405', 'trajet': '(lon:2.00 lat:5.00) -> (lon:6.00 lat:3.00)', 'sur_velo': 'True', 'velo': ""'id': 2, 'performance': 2"", 'vitesse': '0.5350397439333807', 'destination_finale': '(lon:6.24 lat:2.75)', 'sportif': 'False', 'casseur': 'False', 'statut': 'employe', 'salaire': '22114.24077934936'}"
0,3.9142163809585924,4.042891809520704,24,45,"{'id': '24', 'vitesse_a_pied': '0.20858012519045266', 'vitesse_a_velo': '0.5562136671745405', 'trajet': '(lon:2.00 lat:5.00) -> (lon:6.00 lat:3.00)', 'sur_velo': 'True', 'velo': ""'id': 2, 'performance': 2"", 'vitesse': '0.5350397439333807', 'destination_finale': '(lon:6.24 lat:2.75)', 'sportif': 'False', 'casseur': 'False', 'statut': 'employe', 'salaire': '22114.24077934936'}"
0,4.3927704761982405,3.8036147619008798,24,46,"{'id': '24', 'vitesse_a_pied': '0.20858012519045266', 'vitesse_a_velo': '0.5562136671745405', 'trajet': '(lon:2.00 lat:5.00) -> (lon:6.00 lat:3.00)', 'sur_velo': 'True', 'velo': ""'id': 2, 'performance': 2"", 'vitesse': '0.5350397439333807', 'destination_finale': '(lon:6.24 lat:2.75)', 'sportif': 'False', 'casseur': 'False', 'statut': 'employe', 'salaire': '22114.24077934936'}"
0,4.8713245714378886,3.5643377142810557,24,47,"{'id': '24', 'vitesse_a_pied': '0.20858012519045266', 'vitesse_a_velo': '0.5562136671745405', 'trajet': '(lon:2.00 lat:5.00) -> (lon:6.00 lat:3.00)', 'sur_velo': 'True', 'velo': ""'id': 2, 'performance': 2"", 'vitesse': '0.5350397439333807', 'destination_finale': '(lon:6.24 lat:2.75)', 'sportif': 'False', 'casseur': 'False', 'statut': 'employe', 'salaire': '22114.24077934936'}"
0,5.349878666677537,3.3250606666612317,24,48,"{'id': '24', 'vitesse_a_pied': '0.20858012519045266', 'vitesse_a_velo': '0.5562136671745405', 'trajet': '(lon:2.00 lat:5.00) -> (lon:6.00 lat:3.00)', 'sur_velo': 'True', 'velo': ""'id': 2, 'performance': 2"", 'vitesse': '0.5350397439333807', 'destination_finale': '(lon:6.24 lat:2.75)', 'sportif': 'False', 'casseur': 'False', 'statut': 'employe', 'salaire': '22114.24077934936'}"
0,5.828432761917185,3.0857836190414076,24,49,"{'id': '24', 'vitesse_a_pied': '0.20858012519045266', 'vitesse_a_velo': '0.5562136671745405', 'trajet': '(lon:2.00 lat:5.00) -> (lon:6.00 lat:3.00)', 'sur_velo': 'True', 'velo': ""'id': 2, 'performance': 2"", 'vitesse': '0.5350397439333807', 'destination_finale': '(lon:6.24 lat:2.75)', 'sportif': 'False', 'casseur': 'False', 'statut': 'employe', 'salaire': '22114.24077934936'}"
0,6.0,3.0,24,50,"{'id': '24', 'vitesse_a_pied': '0.20858012519045266', 'vitesse_a_velo': '0.5562136671745405', 'trajet': '(lon:2.00 lat:5.00) -> (lon:6.00 lat:3.00)', 'sur_velo': 'True', 'velo': ""'id': 2, 'performance': 2"", 'vitesse': '0.5350397439333807', 'destination_finale': '(lon:6.24 lat:2.75)', 'sportif': 'False', 'casseur': 'False', 'statut': 'employe', 'salaire': '22114.24077934936'}"
0,6.0,3.0,24,51,"{'id': '24', 'vitesse_a_pied': '0.20858012519045266', 'vitesse_a_velo': '0.5562136671745405', 'trajet': '(lon:6.00 lat:3.00) -> (lon:6.24 lat:2.75)', 'sur_velo': 'False', 'velo': 'False', 'vitesse': '0.20858012519045266', 'destination_finale': '(lon:6.24 lat:2.75)', 'sportif': 'False', 'casseur': 'False', 'statut': 'employe', 'salaire': '22114.24077934936'}"
0,6.142764913195458,2.847934723934889,24,52,"{'id': '24', 'vitesse_a_pied': '0.20858012519045266', 'vitesse_a_velo': '0.5562136671745405', 'trajet': '(lon:6.00 lat:3.00) -> (lon:6.24 lat:2.75)', 'sur_velo': 'False', 'velo': 'False', 'vitesse': '0.20858012519045266', 'destination_finale': '(lon:6.24 lat:2.75)', 'sportif': 'False', 'casseur': 'False', 'statut': 'employe', 'salaire': '22114.24077934936'}"
0,6.285529826390915,2.695869447869778,24,53,"{'id': '24', 'vitesse_a_pied': '0.20858012519045266', 'vitesse_a_velo': '0.5562136671745405', 'trajet': '(lon:6.00 lat:3.00) -> (lon:6.24 lat:2.75)', 'sur_velo': 'False', 'velo': 'False', 'vitesse': '0.20858012519045266', 'destination_finale': '(lon:6.24 lat:2.75)', 'sportif': 'False', 'casseur': 'False', 'statut': 'employe', 'salaire': '22114.24077934936'}"
0,6.238746021278979,2.7457009651557014,24,54,"{'id': '24', 'vitesse_a_pied': '0.20858012519045266', 'vitesse_a_velo': '0.5562136671745405', 'trajet': '(lon:6.00 lat:3.00) -> (lon:6.24 lat:2.75)', 'sur_velo': 'False', 'velo': 'False', 'vitesse': '0.20858012519045266', 'destination_finale': '(lon:6.24 lat:2.75)', 'sportif': 'False', 'casseur': 'False', 'statut': 'employe', 'salaire': '22114.24077934936'}"
0,6.238746021278979,2.7457009651557014,24,55,"{'id': '24', 'vitesse_a_pied': '0.20858012519045266', 'vitesse_a_velo': '0.5562136671745405', 'trajet': '(lon:6.24 lat:2.75) -> (lon:6.00 lat:3.00)', 'sur_velo': 'False', 'velo': 'False', 'vitesse': '0.20858012519045266', 'destination_finale': '(lon:2.19 lat:5.26)', 'sportif': 'False', 'casseur': 'False', 'statut': 'employe', 'salaire': '22114.24077934936'}"
0,6.095981108083522,2.8977662412208125,24,56,"{'id': '24', 'vitesse_a_pied': '0.20858012519045266', 'vitesse_a_velo': '0.5562136671745405', 'trajet': '(lon:6.24 lat:2.75) -> (lon:6.00 lat:3.00)', 'sur_velo': 'False', 'velo': 'False', 'vitesse': '0.20858012519045266', 'destination_finale': '(lon:2.19 lat:5.26)', 'sportif': 'False', 'casseur': 'False', 'statut': 'employe', 'salaire': '22114.24077934936'}"
0,5.953216194888064,3.0498315172859236,24,57,"{'id': '24', 'vitesse_a_pied': '0.20858012519045266', 'vitesse_a_velo': '0.5562136671745405', 'trajet': '(lon:6.24 lat:2.75) -> (lon:6.00 lat:3.00)', 'sur_velo': 'False', 'velo': 'False', 'vitesse': '0.20858012519045266', 'destination_finale': '(lon:2.19 lat:5.26)', 'sportif': 'False', 'casseur': 'False', 'statut': 'employe', 'salaire': '22114.24077934936'}"
0,6.0,3.0,24,58,"{'id': '24', 'vitesse_a_pied': '0.20858012519045266', 'vitesse_a_velo': '0.5562136671745405', 'trajet': '(lon:6.24 lat:2.75) -> (lon:6.00 lat:3.00)', 'sur_velo': 'False', 'velo': 'False', 'vitesse': '0.20858012519045266', 'destination_finale': '(lon:2.19 lat:5.26)', 'sportif': 'False', 'casseur': 'False', 'statut': 'employe', 'salaire': '22114.24077934936'}"
0,6.0,3.0,24,59,"{'id': '24', 'vitesse_a_pied': '0.20858012519045266', 'vitesse_a_velo': '0.5562136671745405', 'trajet': '(lon:6.00 lat:3.00) -> (lon:2.00 lat:5.00)', 'sur_velo': 'True', 'velo': ""'id': 2, 'performance': 2"", 'vitesse': '0.27810683358727023', 'destination_finale': '(lon:2.19 lat:5.26)', 'sportif': 'False', 'casseur': 'False', 'statut': 'employe', 'salaire': '22114.24077934936'}"
0,5.751253686036657,3.1243731569816715,24,60,"{'id': '24', 'vitesse_a_pied': '0.20858012519045266', 'vitesse_a_velo': '0.5562136671745405', 'trajet': '(lon:6.00 lat:3.00) -> (lon:2.00 lat:5.00)', 'sur_velo': 'True', 'velo': ""'id': 2, 'performance': 2"", 'vitesse': '0.27810683358727023', 'destination_finale': '(lon:2.19 lat:5.26)', 'sportif': 'False', 'casseur': 'False', 'statut': 'employe', 'salaire': '22114.24077934936'}"
0,5.502507372073314,3.248746313963343,24,61,"{'id': '24', 'vitesse_a_pied': '0.20858012519045266', 'vitesse_a_velo': '0.5562136671745405', 'trajet': '(lon:6.00 lat:3.00) -> (lon:2.00 lat:5.00)', 'sur_velo': 'True', 'velo': ""'id': 2, 'performance': 2"", 'vitesse': '0.27810683358727023', 'destination_finale': '(lon:2.19 lat:5.26)', 'sportif': 'False', 'casseur': 'False', 'statut': 'employe', 'salaire': '22114.24077934936'}"
0,5.253761058109971,3.3731194709450145,24,62,"{'id': '24', 'vitesse_a_pied': '0.20858012519045266', 'vitesse_a_velo': '0.5562136671745405', 'trajet': '(lon:6.00 lat:3.00) -> (lon:2.00 lat:5.00)', 'sur_velo': 'True', 'velo': ""'id': 2, 'performance': 2"", 'vitesse': '0.27810683358727023', 'destination_finale': '(lon:2.19 lat:5.26)', 'sportif': 'False', 'casseur': 'False', 'statut': 'employe', 'salaire': '22114.24077934936'}"
0,5.005014744146628,3.497492627926686,24,63,"{'id': '24', 'vitesse_a_pied': '0.20858012519045266', 'vitesse_a_velo': '0.5562136671745405', 'trajet': '(lon:6.00 lat:3.00) -> (lon:2.00 lat:5.00)', 'sur_velo': 'True', 'velo': ""'id': 2, 'performance': 2"", 'vitesse': '0.27810683358727023', 'destination_finale': '(lon:2.19 lat:5.26)', 'sportif': 'False', 'casseur': 'False', 'statut': 'employe', 'salaire': '22114.24077934936'}"
0,4.756268430183285,3.6218657849083575,24,64,"{'id': '24', 'vitesse_a_pied': '0.20858012519045266', 'vitesse_a_velo': '0.5562136671745405', 'trajet': '(lon:6.00 lat:3.00) -> (lon:2.00 lat:5.00)', 'sur_velo': 'True', 'velo': ""'id': 2, 'performance': 2"", 'vitesse': '0.27810683358727023', 'destination_finale': '(lon:2.19 lat:5.26)', 'sportif': 'False', 'casseur': 'False', 'statut': 'employe', 'salaire': '22114.24077934936'}"
0,4.507522116219942,3.746238941890029,24,65,"{'id': '24', 'vitesse_a_pied': '0.20858012519045266', 'vitesse_a_velo': '0.5562136671745405', 'trajet': '(lon:6.00 lat:3.00) -> (lon:2.00 lat:5.00)', 'sur_velo': 'True', 'velo': ""'id': 2, 'performance': 2"", 'vitesse': '0.27810683358727023', 'destination_finale': '(lon:2.19 lat:5.26)', 'sportif': 'False', 'casseur': 'False', 'statut': 'employe', 'salaire': '22114.24077934936'}"
0,4.258775802256599,3.8706120988717005,24,66,"{'id': '24', 'vitesse_a_pied': '0.20858012519045266', 'vitesse_a_velo': '0.5562136671745405', 'trajet': '(lon:6.00 lat:3.00) -> (lon:2.00 lat:5.00)', 'sur_velo': 'True', 'velo': ""'id': 2, 'performance': 2"", 'vitesse': '0.27810683358727023', 'destination_finale': '(lon:2.19 lat:5.26)', 'sportif': 'False', 'casseur': 'False', 'statut': 'employe', 'salaire': '22114.24077934936'}"
0,4.010029488293256,3.994985255853372,24,67,"{'id': '24', 'vitesse_a_pied': '0.20858012519045266', 'vitesse_a_velo': '0.5562136671745405', 'trajet': '(lon:6.00 lat:3.00) -> (lon:2.00 lat:5.00)', 'sur_velo': 'True', 'velo': ""'id': 2, 'performance': 2"", 'vitesse': '0.27810683358727023', 'destination_finale': '(lon:2.19 lat:5.26)', 'sportif': 'False', 'casseur': 'False', 'statut': 'employe', 'salaire': '22114.24077934936'}"
0,3.761283174329913,4.119358412835044,24,68,"{'id': '24', 'vitesse_a_pied': '0.20858012519045266', 'vitesse_a_velo': '0.5562136671745405', 'trajet': '(lon:6.00 lat:3.00) -> (lon:2.00 lat:5.00)', 'sur_velo': 'True', 'velo': ""'id': 2, 'performance': 2"", 'vitesse': '0.27810683358727023', 'destination_finale': '(lon:2.19 lat:5.26)', 'sportif': 'False', 'casseur': 'False', 'statut': 'employe', 'salaire': '22114.24077934936'}"
0,3.51253686036657,4.243731569816715,24,69,"{'id': '24', 'vitesse_a_pied': '0.20858012519045266', 'vitesse_a_velo': '0.5562136671745405', 'trajet': '(lon:6.00 lat:3.00) -> (lon:2.00 lat:5.00)', 'sur_velo': 'True', 'velo': ""'id': 2, 'performance': 2"", 'vitesse': '0.27810683358727023', 'destination_finale': '(lon:2.19 lat:5.26)', 'sportif': 'False', 'casseur': 'False', 'statut': 'employe', 'salaire': '22114.24077934936'}"
0,3.263790546403227,4.368104726798387,24,70,"{'id': '24', 'vitesse_a_pied': '0.20858012519045266', 'vitesse_a_velo': '0.5562136671745405', 'trajet': '(lon:6.00 lat:3.00) -> (lon:2.00 lat:5.00)', 'sur_velo': 'True', 'velo': ""'id': 2, 'performance': 2"", 'vitesse': '0.27810683358727023', 'destination_finale': '(lon:2.19 lat:5.26)', 'sportif': 'False', 'casseur': 'False', 'statut': 'employe', 'salaire': '22114.24077934936'}"
0,3.015044232439884,4.492477883780058,24,71,"{'id': '24', 'vitesse_a_pied': '0.20858012519045266', 'vitesse_a_velo': '0.5562136671745405', 'trajet': '(lon:6.00 lat:3.00) -> (lon:2.00 lat:5.00)', 'sur_velo': 'True', 'velo': ""'id': 2, 'performance': 2"", 'vitesse': '0.27810683358727023', 'destination_finale': '(lon:2.19 lat:5.26)', 'sportif': 'False', 'casseur': 'False', 'statut': 'employe', 'salaire': '22114.24077934936'}"
0,2.766297918476541,4.61685104076173,24,72,"{'id': '24', 'vitesse_a_pied': '0.20858012519045266', 'vitesse_a_velo': '0.5562136671745405', 'trajet': '(lon:6.00 lat:3.00) -> (lon:2.00 lat:5.00)', 'sur_velo': 'True', 'velo': ""'id': 2, 'performance': 2"", 'vitesse': '0.27810683358727023', 'destination_finale': '(lon:2.19 lat:5.26)', 'sportif': 'False', 'casseur': 'False', 'statut': 'employe', 'salaire': '22114.24077934936'}"
0,2.517551604513198,4.741224197743401,24,73,"{'id': '24', 'vitesse_a_pied': '0.20858012519045266', 'vitesse_a_velo': '0.5562136671745405', 'trajet': '(lon:6.00 lat:3.00) -> (lon:2.00 lat:5.00)', 'sur_velo': 'True', 'velo': ""'id': 2, 'performance': 2"", 'vitesse': '0.27810683358727023', 'destination_finale': '(lon:2.19 lat:5.26)', 'sportif': 'False', 'casseur': 'False', 'statut': 'employe', 'salaire': '22114.24077934936'}"
0,2.268805290549855,4.865597354725073,24,74,"{'id': '24', 'vitesse_a_pied': '0.20858012519045266', 'vitesse_a_velo': '0.5562136671745405', 'trajet': '(lon:6.00 lat:3.00) -> (lon:2.00 lat:5.00)', 'sur_velo': 'True', 'velo': ""'id': 2, 'performance': 2"", 'vitesse': '0.27810683358727023', 'destination_finale': '(lon:2.19 lat:5.26)', 'sportif': 'False', 'casseur': 'False', 'statut': 'employe', 'salaire': '22114.24077934936'}"
0,2.020058976586512,4.989970511706744,24,75,"{'id': '24', 'vitesse_a_pied': '0.20858012519045266', 'vitesse_a_velo': '0.5562136671745405', 'trajet': '(lon:6.00 lat:3.00) -> (lon:2.00 lat:5.00)', 'sur_velo': 'True', 'velo': ""'id': 2, 'performance': 2"", 'vitesse': '0.27810683358727023', 'destination_finale': '(lon:2.19 lat:5.26)', 'sportif': 'False', 'casseur': 'False', 'statut': 'employe', 'salaire': '22114.24077934936'}"
0,2.0,5.0,24,76,"{'id': '24', 'vitesse_a_pied': '0.20858012519045266', 'vitesse_a_velo': '0.5562136671745405', 'trajet': '(lon:6.00 lat:3.00) -> (lon:2.00 lat:5.00)', 'sur_velo': 'True', 'velo': ""'id': 2, 'performance': 2"", 'vitesse': '0.27810683358727023', 'destination_finale': '(lon:2.19 lat:5.26)', 'sportif': 'False', 'casseur': 'False', 'statut': 'employe', 'salaire': '22114.24077934936'}"
0,2.0,5.0,24,77,"{'id': '24', 'vitesse_a_pied': '0.20858012519045266', 'vitesse_a_velo': '0.5562136671745405', 'trajet': '(lon:2.00 lat:5.00) -> (lon:2.19 lat:5.26)', 'sur_velo': 'False', 'velo': 'False', 'vitesse': '0.20858012519045266', 'destination_finale': '(lon:2.19 lat:5.26)', 'sportif': 'False', 'casseur': 'False', 'statut': 'employe', 'salaire': '22114.24077934936'}"
0,2.124057424443413,5.16767654595957,24,78,"{'id': '24', 'vitesse_a_pied': '0.20858012519045266', 'vitesse_a_velo': '0.5562136671745405', 'trajet': '(lon:2.00 lat:5.00) -> (lon:2.19 lat:5.26)', 'sur_velo': 'False', 'velo': 'False', 'vitesse': '0.20858012519045266', 'destination_finale': '(lon:2.19 lat:5.26)', 'sportif': 'False', 'casseur': 'False', 'statut': 'employe', 'salaire': '22114.24077934936'}"
0,2.248114848886826,5.33535309191914,24,79,"{'id': '24', 'vitesse_a_pied': '0.20858012519045266', 'vitesse_a_velo': '0.5562136671745405', 'trajet': '(lon:2.00 lat:5.00) -> (lon:2.19 lat:5.26)', 'sur_velo': 'False', 'velo': 'False', 'vitesse': '0.20858012519045266', 'destination_finale': '(lon:2.19 lat:5.26)', 'sportif': 'False', 'casseur': 'False', 'statut': 'employe', 'salaire': '22114.24077934936'}"
0,2.194304931865436,5.262623377716237,24,80,"{'id': '24', 'vitesse_a_pied': '0.20858012519045266', 'vitesse_a_velo': '0.5562136671745405', 'trajet': '(lon:2.00 lat:5.00) -> (lon:2.19 lat:5.26)', 'sur_velo': 'False', 'velo': 'False', 'vitesse': '0.20858012519045266', 'destination_finale': '(lon:2.19 lat:5.26)', 'sportif': 'False', 'casseur': 'False', 'statut': 'employe', 'salaire': '22114.24077934936'}"
0,2.194304931865436,5.262623377716237,24,81,"{'id': '24', 'vitesse_a_pied': '0.20858012519045266', 'vitesse_a_velo': '0.5562136671745405', 'trajet': '(lon:2.19 lat:5.26) -> (lon:2.00 lat:5.00)', 'sur_velo': 'False', 'velo': 'False', 'vitesse': '0.20858012519045266', 'destination_finale': '(lon:6.24 lat:2.75)', 'sportif': 'False', 'casseur': 'False', 'statut': 'employe', 'salaire': '22114.24077934936'}"
0,2.0702475074220232,5.094946831756666,24,82,"{'id': '24', 'vitesse_a_pied': '0.20858012519045266', 'vitesse_a_velo': '0.5562136671745405', 'trajet': '(lon:2.19 lat:5.26) -> (lon:2.00 lat:5.00)', 'sur_velo': 'False', 'velo': 'False', 'vitesse': '0.20858012519045266', 'destination_finale': '(lon:6.24 lat:2.75)', 'sportif': 'False', 'casseur': 'False', 'statut': 'employe', 'salaire': '22114.24077934936'}"
0,1.9461900829786103,4.927270285797096,24,83,"{'id': '24', 'vitesse_a_pied': '0.20858012519045266', 'vitesse_a_velo': '0.5562136671745405', 'trajet': '(lon:2.19 lat:5.26) -> (lon:2.00 lat:5.00)', 'sur_velo': 'False', 'velo': 'False', 'vitesse': '0.20858012519045266', 'destination_finale': '(lon:6.24 lat:2.75)', 'sportif': 'False', 'casseur': 'False', 'statut': 'employe', 'salaire': '22114.24077934936'}"
0,2.0,5.0,24,84,"{'id': '24', 'vitesse_a_pied': '0.20858012519045266', 'vitesse_a_velo': '0.5562136671745405', 'trajet': '(lon:2.19 lat:5.26) -> (lon:2.00 lat:5.00)', 'sur_velo': 'False', 'velo': 'False', 'vitesse': '0.20858012519045266', 'destination_finale': '(lon:6.24 lat:2.75)', 'sportif': 'False', 'casseur': 'False', 'statut': 'employe', 'salaire': '22114.24077934936'}"
0,2.0,5.0,24,85,"{'id': '24', 'vitesse_a_pied': '0.20858012519045266', 'vitesse_a_velo': '0.5562136671745405', 'trajet': '(lon:2.00 lat:5.00) -> (lon:6.00 lat:3.00)', 'sur_velo': 'True', 'velo': ""'id': 2, 'performance': 2"", 'vitesse': '0.27810683358727023', 'destination_finale': '(lon:6.24 lat:2.75)', 'sportif': 'False', 'casseur': 'False', 'statut': 'employe', 'salaire': '22114.24077934936'}"
0,2.248746313963343,4.8756268430183285,24,86,"{'id': '24', 'vitesse_a_pied': '0.20858012519045266', 'vitesse_a_velo': '0.5562136671745405', 'trajet': '(lon:2.00 lat:5.00) -> (lon:6.00 lat:3.00)', 'sur_velo': 'True', 'velo': ""'id': 2, 'performance': 2"", 'vitesse': '0.27810683358727023', 'destination_finale': '(lon:6.24 lat:2.75)', 'sportif': 'False', 'casseur': 'False', 'statut': 'employe', 'salaire': '22114.24077934936'}"
0,2.497492627926686,4.751253686036657,24,87,"{'id': '24', 'vitesse_a_pied': '0.20858012519045266', 'vitesse_a_velo': '0.5562136671745405', 'trajet': '(lon:2.00 lat:5.00) -> (lon:6.00 lat:3.00)', 'sur_velo': 'True', 'velo': ""'id': 2, 'performance': 2"", 'vitesse': '0.27810683358727023', 'destination_finale': '(lon:6.24 lat:2.75)', 'sportif': 'False', 'casseur': 'False', 'statut': 'employe', 'salaire': '22114.24077934936'}"
0,2.746238941890029,4.6268805290549855,24,88,"{'id': '24', 'vitesse_a_pied': '0.20858012519045266', 'vitesse_a_velo': '0.5562136671745405', 'trajet': '(lon:2.00 lat:5.00) -> (lon:6.00 lat:3.00)', 'sur_velo': 'True', 'velo': ""'id': 2, 'performance': 2"", 'vitesse': '0.27810683358727023', 'destination_finale': '(lon:6.24 lat:2.75)', 'sportif': 'False', 'casseur': 'False', 'statut': 'employe', 'salaire': '22114.24077934936'}"
0,2.994985255853372,4.502507372073314,24,89,"{'id': '24', 'vitesse_a_pied': '0.20858012519045266', 'vitesse_a_velo': '0.5562136671745405', 'trajet': '(lon:2.00 lat:5.00) -> (lon:6.00 lat:3.00)', 'sur_velo': 'True', 'velo': ""'id': 2, 'performance': 2"", 'vitesse': '0.27810683358727023', 'destination_finale': '(lon:6.24 lat:2.75)', 'sportif': 'False', 'casseur': 'False', 'statut': 'employe', 'salaire': '22114.24077934936'}"
0,3.243731569816715,4.3781342150916425,24,90,"{'id': '24', 'vitesse_a_pied': '0.20858012519045266', 'vitesse_a_velo': '0.5562136671745405', 'trajet': '(lon:2.00 lat:5.00) -> (lon:6.00 lat:3.00)', 'sur_velo': 'True', 'velo': ""'id': 2, 'performance': 2"", 'vitesse': '0.27810683358727023', 'destination_finale': '(lon:6.24 lat:2.75)', 'sportif': 'False', 'casseur': 'False', 'statut': 'employe', 'salaire': '22114.24077934936'}"
0,3.492477883780058,4.253761058109971,24,91,"{'id': '24', 'vitesse_a_pied': '0.20858012519045266', 'vitesse_a_velo': '0.5562136671745405', 'trajet': '(lon:2.00 lat:5.00) -> (lon:6.00 lat:3.00)', 'sur_velo': 'True', 'velo': ""'id': 2, 'performance': 2"", 'vitesse': '0.27810683358727023', 'destination_finale': '(lon:6.24 lat:2.75)', 'sportif': 'False', 'casseur': 'False', 'statut': 'employe', 'salaire': '22114.24077934936'}"
0,3.741224197743401,4.1293879011282995,24,92,"{'id': '24', 'vitesse_a_pied': '0.20858012519045266', 'vitesse_a_velo': '0.5562136671745405', 'trajet': '(lon:2.00 lat:5.00) -> (lon:6.00 lat:3.00)', 'sur_velo': 'True', 'velo': ""'id': 2, 'performance': 2"", 'vitesse': '0.27810683358727023', 'destination_finale': '(lon:6.24 lat:2.75)', 'sportif': 'False', 'casseur': 'False', 'statut': 'employe', 'salaire': '22114.24077934936'}"
0,3.989970511706744,4.005014744146628,24,93,"{'id': '24', 'vitesse_a_pied': '0.20858012519045266', 'vitesse_a_velo': '0.5562136671745405', 'trajet': '(lon:2.00 lat:5.00) -> (lon:6.00 lat:3.00)', 'sur_velo': 'True', 'velo': ""'id': 2, 'performance': 2"", 'vitesse': '0.27810683358727023', 'destination_finale': '(lon:6.24 lat:2.75)', 'sportif': 'False', 'casseur': 'False', 'statut': 'employe', 'salaire': '22114.24077934936'}"
0,4.238716825670087,3.8806415871649564,24,94,"{'id': '24', 'vitesse_a_pied': '0.20858012519045266', 'vitesse_a_velo': '0.5562136671745405', 'trajet': '(lon:2.00 lat:5.00) -> (lon:6.00 lat:3.00)', 'sur_velo': 'True', 'velo': ""'id': 2, 'performance': 2"", 'vitesse': '0.27810683358727023', 'destination_finale': '(lon:6.24 lat:2.75)', 'sportif': 'False', 'casseur': 'False', 'statut': 'employe', 'salaire': '22114.24077934936'}"
0,4.48746313963343,3.756268430183285,24,95,"{'id': '24', 'vitesse_a_pied': '0.20858012519045266', 'vitesse_a_velo': '0.5562136671745405', 'trajet': '(lon:2.00 lat:5.00) -> (lon:6.00 lat:3.00)', 'sur_velo': 'True', 'velo': ""'id': 2, 'performance': 2"", 'vitesse': '0.27810683358727023', 'destination_finale': '(lon:6.24 lat:2.75)', 'sportif': 'False', 'casseur': 'False', 'statut': 'employe', 'salaire': '22114.24077934936'}"
0,4.736209453596773,3.6318952732016134,24,96,"{'id': '24', 'vitesse_a_pied': '0.20858012519045266', 'vitesse_a_velo': '0.5562136671745405', 'trajet': '(lon:2.00 lat:5.00) -> (lon:6.00 lat:3.00)', 'sur_velo': 'True', 'velo': ""'id': 2, 'performance': 2"", 'vitesse': '0.27810683358727023', 'destination_finale': '(lon:6.24 lat:2.75)', 'sportif': 'False', 'casseur': 'False', 'statut': 'employe', 'salaire': '22114.24077934936'}"
0,4.984955767560116,3.507522116219942,24,97,"{'id': '24', 'vitesse_a_pied': '0.20858012519045266', 'vitesse_a_velo': '0.5562136671745405', 'trajet': '(lon:2.00 lat:5.00) -> (lon:6.00 lat:3.00)', 'sur_velo': 'True', 'velo': ""'id': 2, 'performance': 2"", 'vitesse': '0.27810683358727023', 'destination_finale': '(lon:6.24 lat:2.75)', 'sportif': 'False', 'casseur': 'False', 'statut': 'employe', 'salaire': '22114.24077934936'}"
0,5.233702081523459,3.3831489592382704,24,98,"{'id': '24', 'vitesse_a_pied': '0.20858012519045266', 'vitesse_a_velo': '0.5562136671745405', 'trajet': '(lon:2.00 lat:5.00) -> (lon:6.00 lat:3.00)', 'sur_velo': 'True', 'velo': ""'id': 2, 'performance': 2"", 'vitesse': '0.27810683358727023', 'destination_finale': '(lon:6.24 lat:2.75)', 'sportif': 'False', 'casseur': 'False', 'statut': 'employe', 'salaire': '22114.24077934936'}"
0,5.482448395486802,3.258775802256599,24,99,"{'id': '24', 'vitesse_a_pied': '0.20858012519045266', 'vitesse_a_velo': '0.5562136671745405', 'trajet': '(lon:2.00 lat:5.00) -> (lon:6.00 lat:3.00)', 'sur_velo': 'True', 'velo': ""'id': 2, 'performance': 2"", 'vitesse': '0.27810683358727023', 'destination_finale': '(lon:6.24 lat:2.75)', 'sportif': 'False', 'casseur': 'False', 'statut': 'employe', 'salaire': '22114.24077934936'}"
0,5.731194709450145,3.1344026452749274,24,100,"{'id': '24', 'vitesse_a_pied': '0.20858012519045266', 'vitesse_a_velo': '0.5562136671745405', 'trajet': '(lon:2.00 lat:5.00) -> (lon:6.00 lat:3.00)', 'sur_velo': 'True', 'velo': ""'id': 2, 'performance': 2"", 'vitesse': '0.27810683358727023', 'destination_finale': '(lon:6.24 lat:2.75)', 'sportif': 'False', 'casseur': 'False', 'statut': 'employe', 'salaire': '22114.24077934936'}"
,longitude,lattitude,id_cycliste,time,status
0,5.979941023413488,3.010029488293256,24,101,"{'id': '24', 'vitesse_a_pied': '0.20858012519045266', 'vitesse_a_velo': '0.5562136671745405', 'trajet': '(lon:2.00 lat:5.00) -> (lon:6.00 lat:3.00)', 'sur_velo': 'True', 'velo': ""'id': 2, 'performance': 2"", 'vitesse': '0.27810683358727023', 'destination_finale': '(lon:6.24 lat:2.75)', 'sportif': 'False', 'casseur': 'False', 'statut': 'employe', 'salaire': '22114.24077934936'}"
0,6.0,3.0,24,102,"{'id': '24', 'vitesse_a_pied': '0.20858012519045266', 'vitesse_a_velo': '0.5562136671745405', 'trajet': '(lon:2.00 lat:5.00) -> (lon:6.00 lat:3.00)', 'sur_velo': 'True', 'velo': ""'id': 2, 'performance': 2"", 'vitesse': '0.27810683358727023', 'destination_finale': '(lon:6.24 lat:2.75)', 'sportif': 'False', 'casseur': 'False', 'statut': 'employe', 'salaire': '22114.24077934936'}"
0,6.0,3.0,24,103,"{'id': '24', 'vitesse_a_pied': '0.20858012519045266', 'vitesse_a_velo': '0.5562136671745405', 'trajet': '(lon:6.00 lat:3.00) -> (lon:6.24 lat:2.75)', 'sur_velo': 'False', 'velo': 'False', 'vitesse': '0.20858012519045266', 'destination_finale': '(lon:6.24 lat:2.75)', 'sportif': 'False', 'casseur': 'False', 'statut': 'employe', 'salaire': '22114.24077934936'}"
0,6.142764913195458,2.847934723934889,24,104,"{'id': '24', 'vitesse_a_pied': '0.20858012519045266', 'vitesse_a_velo': '0.5562136671745405', 'trajet': '(lon:6.00 lat:3.00) -> (lon:6.24 lat:2.75)', 'sur_velo': 'False', 'velo': 'False', 'vitesse': '0.20858012519045266', 'destination_finale': '(lon:6.24 lat:2.75)', 'sportif': 'False', 'casseur': 'False', 'statut': 'employe', 'salaire': '22114.24077934936'}"
0,6.285529826390915,2.695869447869778,24,105,"{'id': '24', 'vitesse_a_pied': '0.20858012519045266', 'vitesse_a_velo': '0.5562136671745405', 'trajet': '(lon:6.00 lat:3.00) -> (lon:6.24 lat:2.75)', 'sur_velo': 'False', 'velo': 'False', 'vitesse': '0.20858012519045266', 'destination_finale': '(lon:6.24 lat:2.75)', 'sportif': 'False', 'casseur': 'False', 'statut': 'employe', 'salaire': '22114.24077934936'}"
0,6.238746021278979,2.7457009651557014,24,106,"{'id': '24', 'vitesse_a_pied': '0.20858012519045266', 'vitesse_a_velo': '0.5562136671745405', 'trajet': '(lon:6.00 lat:3.00) -> (lon:6.24 lat:2.75)', 'sur_velo': 'False', 'velo': 'False', 'vitesse': '0.20858012519045266', 'destination_finale': '(lon:6.24 lat:2.75)', 'sportif': 'False', 'casseur': 'False', 'statut': 'employe', 'salaire': '22114.24077934936'}"
0,6.238746021278979,2.7457009651557014,24,107,"{'id': '24', 'vitesse_a_pied': '0.20858012519045266', 'vitesse_a_velo': '0.5562136671745405', 'trajet': '(lon:6.24 lat:2.75) -> (lon:6.00 lat:3.00)', 'sur_velo': 'False', 'velo': 'False', 'vitesse': '0.20858012519045266', 'destination_finale': '(lon:2.19 lat:5.26)', 'sportif': 'False', 'casseur': 'False', 'statut': 'employe', 'salaire': '22114.24077934936'}"
0,6.095981108083522,2.8977662412208125,24,108,"{'id': '24', 'vitesse_a_pied': '0.20858012519045266', 'vitesse_a_velo': '0.5562136671745405', 'trajet': '(lon:6.24 lat:2.75) -> (lon:6.00 lat:3.00)', 'sur_velo': 'False', 'velo': 'False', 'vitesse': '0.20858012519045266', 'destination_finale': '(lon:2.19 lat:5.26)', 'sportif': 'False', 'casseur': 'False', 'statut': 'employe', 'salaire': '22114.24077934936'}"
0,5.953216194888064,3.0498315172859236,24,109,"{'id': '24', 'vitesse_a_pied': '0.20858012519045266', 'vitesse_a_velo': '0.5562136671745405', 'trajet': '(lon:6.24 lat:2.75) -> (lon:6.00 lat:3.00)', 'sur_velo': 'False', 'velo': 'False', 'vitesse': '0.20858012519045266', 'destination_finale': '(lon:2.19 lat:5.26)', 'sportif': 'False', 'casseur': 'False', 'statut': 'employe', 'salaire': '22114.24077934936'}"
0,6.0,3.0,24,110,"{'id': '24', 'vitesse_a_pied': '0.20858012519045266', 'vitesse_a_velo': '0.5562136671745405', 'trajet': '(lon:6.24 lat:2.75) -> (lon:6.00 lat:3.00)', 'sur_velo': 'False', 'velo': 'False', 'vitesse': '0.20858012519045266', 'destination_finale': '(lon:2.19 lat:5.26)', 'sportif': 'False', 'casseur': 'False', 'statut': 'employe', 'salaire': '22114.24077934936'}"
0,6.0,3.0,24,111,"{'id': '24', 'vitesse_a_pied': '0.20858012519045266', 'vitesse_a_velo': '0.5562136671745405', 'trajet': '(lon:6.00 lat:3.00) -> (lon:2.00 lat:5.00)', 'sur_velo': 'True', 'velo': ""'id': 2, 'performance': 2"", 'vitesse': '0.27810683358727023', 'destination_finale': '(lon:2.19 lat:5.26)', 'sportif': 'False', 'casseur': 'False', 'statut': 'employe', 'salaire': '22114.24077934936'}"
0,5.751253686036657,3.1243731569816715,24,112,"{'id': '24', 'vitesse_a_pied': '0.20858012519045266', 'vitesse_a_velo': '0.5562136671745405', 'trajet': '(lon:6.00 lat:3.00) -> (lon:2.00 lat:5.00)', 'sur_velo': 'True', 'velo': ""'id': 2, 'performance': 2"", 'vitesse': '0.27810683358727023', 'destination_finale': '(lon:2.19 lat:5.26)', 'sportif': 'False', 'casseur': 'False', 'statut': 'employe', 'salaire': '22114.24077934936'}"
0,5.502507372073314,3.248746313963343,24,113,"{'id': '24', 'vitesse_a_pied': '0.20858012519045266', 'vitesse_a_velo': '0.5562136671745405', 'trajet': '(lon:6.00 lat:3.00) -> (lon:2.00 lat:5.00)', 'sur_velo': 'True', 'velo': ""'id': 2, 'performance': 2"", 'vitesse': '0.27810683358727023', 'destination_finale': '(lon:2.19 lat:5.26)', 'sportif': 'False', 'casseur': 'False', 'statut': 'employe', 'salaire': '22114.24077934936'}"
0,5.253761058109971,3.3731194709450145,24,114,"{'id': '24', 'vitesse_a_pied': '0.20858012519045266', 'vitesse_a_velo': '0.5562136671745405', 'trajet': '(lon:6.00 lat:3.00) -> (lon:2.00 lat:5.00)', 'sur_velo': 'True', 'velo': ""'id': 2, 'performance': 2"", 'vitesse': '0.27810683358727023', 'destination_finale': '(lon:2.19 lat:5.26)', 'sportif': 'False', 'casseur': 'False', 'statut': 'employe', 'salaire': '22114.24077934936'}"
0,5.005014744146628,3.497492627926686,24,115,"{'id': '24', 'vitesse_a_pied': '0.20858012519045266', 'vitesse_a_velo': '0.5562136671745405', 'trajet': '(lon:6.00 lat:3.00) -> (lon:2.00 lat:5.00)', 'sur_velo': 'True', 'velo': ""'id': 2, 'performance': 2"", 'vitesse': '0.27810683358727023', 'destination_finale': '(lon:2.19 lat:5.26)', 'sportif': 'False', 'casseur': 'False', 'statut': 'employe', 'salaire': '22114.24077934936'}"
0,4.756268430183285,3.6218657849083575,24,116,"{'id': '24', 'vitesse_a_pied': '0.20858012519045266', 'vitesse_a_velo': '0.5562136671745405', 'trajet': '(lon:6.00 lat:3.00) -> (lon:2.00 lat:5.00)', 'sur_velo': 'True', 'velo': ""'id': 2, 'performance': 2"", 'vitesse': '0.27810683358727023', 'destination_finale': '(lon:2.19 lat:5.26)', 'sportif': 'False', 'casseur': 'False', 'statut': 'employe', 'salaire': '22114.24077934936'}"
0,4.507522116219942,3.746238941890029,24,117,"{'id': '24', 'vitesse_a_pied': '0.20858012519045266', 'vitesse_a_velo': '0.5562136671745405', 'trajet': '(lon:6.00 lat:3.00) -> (lon:2.00 lat:5.00)', 'sur_velo': 'True', 'velo': ""'id': 2, 'performance': 2"", 'vitesse': '0.27810683358727023', 'destination_finale': '(lon:2.19 lat:5.26)', 'sportif': 'False', 'casseur': 'False', 'statut': 'employe', 'salaire': '22114.24077934936'}"
0,4.258775802256599,3.8706120988717005,24,118,"{'id': '24', 'vitesse_a_pied': '0.20858012519045266', 'vitesse_a_velo': '0.5562136671745405', 'trajet': '(lon:6.00 lat:3.00) -> (lon:2.00 lat:5.00)', 'sur_velo': 'True', 'velo': ""'id': 2, 'performance': 2"", 'vitesse': '0.27810683358727023', 'destination_finale': '(lon:2.19 lat:5.26)', 'sportif': 'False', 'casseur': 'False', 'statut': 'employe', 'salaire': '22114.24077934936'}"
0,4.010029488293256,3.994985255853372,24,119,"{'id': '24', 'vitesse_a_pied': '0.20858012519045266', 'vitesse_a_velo': '0.5562136671745405', 'trajet': '(lon:6.00 lat:3.00) -> (lon:2.00 lat:5.00)', 'sur_velo': 'True', 'velo': ""'id': 2, 'performance': 2"", 'vitesse': '0.27810683358727023', 'destination_finale': '(lon:2.19 lat:5.26)', 'sportif': 'False', 'casseur': 'False', 'statut': 'employe', 'salaire': '22114.24077934936'}"
0,3.761283174329913,4.119358412835044,24,120,"{'id': '24', 'vitesse_a_pied': '0.20858012519045266', 'vitesse_a_velo': '0.5562136671745405', 'trajet': '(lon:6.00 lat:3.00) -> (lon:2.00 lat:5.00)', 'sur_velo': 'True', 'velo': ""'id': 2, 'performance': 2"", 'vitesse': '0.27810683358727023', 'destination_finale': '(lon:2.19 lat:5.26)', 'sportif': 'False', 'casseur': 'False', 'statut': 'employe', 'salaire': '22114.24077934936'}"
0,3.51253686036657,4.243731569816715,24,121,"{'id': '24', 'vitesse_a_pied': '0.20858012519045266', 'vitesse_a_velo': '0.5562136671745405', 'trajet': '(lon:6.00 lat:3.00) -> (lon:2.00 lat:5.00)', 'sur_velo': 'True', 'velo': ""'id': 2, 'performance': 2"", 'vitesse': '0.27810683358727023', 'destination_finale': '(lon:2.19 lat:5.26)', 'sportif': 'False', 'casseur': 'False', 'statut': 'employe', 'salaire': '22114.24077934936'}"
0,3.263790546403227,4.368104726798387,24,122,"{'id': '24', 'vitesse_a_pied': '0.20858012519045266', 'vitesse_a_velo': '0.5562136671745405', 'trajet': '(lon:6.00 lat:3.00) -> (lon:2.00 lat:5.00)', 'sur_velo': 'True', 'velo': ""'id': 2, 'performance': 2"", 'vitesse': '0.27810683358727023', 'destination_finale': '(lon:2.19 lat:5.26)', 'sportif': 'False', 'casseur': 'False', 'statut': 'employe', 'salaire': '22114.24077934936'}"
0,3.015044232439884,4.492477883780058,24,123,"{'id': '24', 'vitesse_a_pied': '0.20858012519045266', 'vitesse_a_velo': '0.5562136671745405', 'trajet': '(lon:6.00 lat:3.00) -> (lon:2.00 lat:5.00)', 'sur_velo': 'True', 'velo': ""'id': 2, 'performance': 2"", 'vitesse': '0.27810683358727023', 'destination_finale': '(lon:2.19 lat:5.26)', 'sportif': 'False', 'casseur': 'False', 'statut': 'employe', 'salaire': '22114.24077934936'}"
0,2.766297918476541,4.61685104076173,24,124,"{'id': '24', 'vitesse_a_pied': '0.20858012519045266', 'vitesse_a_velo': '0.5562136671745405', 'trajet': '(lon:6.00 lat:3.00) -> (lon:2.00 lat:5.00)', 'sur_velo': 'True', 'velo': ""'id': 2, 'performance': 2"", 'vitesse': '0.27810683358727023', 'destination_finale': '(lon:2.19 lat:5.26)', 'sportif': 'False', 'casseur': 'False', 'statut': 'employe', 'salaire': '22114.24077934936'}"
0,2.517551604513198,4.741224197743401,24,125,"{'id': '24', 'vitesse_a_pied': '0.20858012519045266', 'vitesse_a_velo': '0.5562136671745405', 'trajet': '(lon:6.00 lat:3.00) -> (lon:2.00 lat:5.00)', 'sur_velo': 'True', 'velo': ""'id': 2, 'performance': 2"", 'vitesse': '0.27810683358727023', 'destination_finale': '(lon:2.19 lat:5.26)', 'sportif': 'False', 'casseur': 'False', 'statut': 'employe', 'salaire': '22114.24077934936'}"
0,2.268805290549855,4.865597354725073,24,126,"{'id': '24', 'vitesse_a_pied': '0.20858012519045266', 'vitesse_a_velo': '0.5562136671745405', 'trajet': '(lon:6.00 lat:3.00) -> (lon:2.00 lat:5.00)', 'sur_velo': 'True', 'velo': ""'id': 2, 'performance': 2"", 'vitesse': '0.27810683358727023', 'destination_finale': '(lon:2.19 lat:5.26)', 'sportif': 'False', 'casseur': 'False', 'statut': 'employe', 'salaire': '22114.24077934936'}"
0,2.020058976586512,4.989970511706744,24,127,"{'id': '24', 'vitesse_a_pied': '0.20858012519045266', 'vitesse_a_velo': '0.5562136671745405', 'trajet': '(lon:6.00 lat:3.00) -> (lon:2.00 lat:5.00)', 'sur_velo': 'True', 'velo': ""'id': 2, 'performance': 2"", 'vitesse': '0.27810683358727023', 'destination_finale': '(lon:2.19 lat:5.26)', 'sportif': 'False', 'casseur': 'False', 'statut': 'employe', 'salaire': '22114.24077934936'}"
0,2.0,5.0,24,128,"{'id': '24', 'vitesse_a_pied': '0.20858012519045266', 'vitesse_a_velo': '0.5562136671745405', 'trajet': '(lon:6.00 lat:3.00) -> (lon:2.00 lat:5.00)', 'sur_velo': 'True', 'velo': ""'id': 2, 'performance': 2"", 'vitesse': '0.27810683358727023', 'destination_finale': '(lon:2.19 lat:5.26)', 'sportif': 'False', 'casseur': 'False', 'statut': 'employe', 'salaire': '22114.24077934936'}"
0,2.0,5.0,24,129,"{'id': '24', 'vitesse_a_pied': '0.20858012519045266', 'vitesse_a_velo': '0.5562136671745405', 'trajet': '(lon:2.00 lat:5.00) -> (lon:2.19 lat:5.26)', 'sur_velo': 'False', 'velo': 'False', 'vitesse': '0.20858012519045266', 'destination_finale': '(lon:2.19 lat:5.26)', 'sportif': 'False', 'casseur': 'False', 'statut': 'employe', 'salaire': '22114.24077934936'}"
0,2.124057424443413,5.16767654595957,24,130,"{'id': '24', 'vitesse_a_pied': '0.20858012519045266', 'vitesse_a_velo': '0.5562136671745405', 'trajet': '(lon:2.00 lat:5.00) -> (lon:2.19 lat:5.26)', 'sur_velo': 'False', 'velo': 'False', 'vitesse': '0.20858012519045266', 'destination_finale': '(lon:2.19 lat:5.26)', 'sportif': 'False', 'casseur': 'False', 'statut': 'employe', 'salaire': '22114.24077934936'}"
0,2.248114848886826,5.33535309191914,24,131,"{'id': '24', 'vitesse_a_pied': '0.20858012519045266', 'vitesse_a_velo': '0.5562136671745405', 'trajet': '(lon:2.00 lat:5.00) -> (lon:2.19 lat:5.26)', 'sur_velo': 'False', 'velo': 'False', 'vitesse': '0.20858012519045266', 'destination_finale': '(lon:2.19 lat:5.26)', 'sportif': 'False', 'casseur': 'False', 'statut': 'employe', 'salaire': '22114.24077934936'}"
0,2.194304931865436,5.262623377716237,24,132,"{'id': '24', 'vitesse_a_pied': '0.20858012519045266', 'vitesse_a_velo': '0.5562136671745405', 'trajet': '(lon:2.00 lat:5.00) -> (lon:2.19 lat:5.26)', 'sur_velo': 'False', 'velo': 'False', 'vitesse': '0.20858012519045266', 'destination_finale': '(lon:2.19 lat:5.26)', 'sportif': 'False', 'casseur': 'False', 'statut': 'employe', 'salaire': '22114.24077934936'}"
0,2.194304931865436,5.262623377716237,24,133,"{'id': '24', 'vitesse_a_pied': '0.20858012519045266', 'vitesse_a_velo': '0.5562136671745405', 'trajet': '(lon:2.19 lat:5.26) -> (lon:2.00 lat:5.00)', 'sur_velo': 'False', 'velo': 'False', 'vitesse': '0.20858012519045266', 'destination_finale': '(lon:6.24 lat:2.75)', 'sportif': 'False', 'casseur': 'False', 'statut': 'employe', 'salaire': '22114.24077934936'}"
0,2.0702475074220232,5.094946831756666,24,134,"{'id': '24', 'vitesse_a_pied': '0.20858012519045266', 'vitesse_a_velo': '0.5562136671745405', 'trajet': '(lon:2.19 lat:5.26) -> (lon:2.00 lat:5.00)', 'sur_velo': 'False', 'velo': 'False', 'vitesse': '0.20858012519045266', 'destination_finale': '(lon:6.24 lat:2.75)', 'sportif': 'False', 'casseur': 'False', 'statut': 'employe', 'salaire': '22114.24077934936'}"
0,1.9461900829786103,4.927270285797096,24,135,"{'id': '24', 'vitesse_a_pied': '0.20858012519045266', 'vitesse_a_velo': '0.5562136671745405', 'trajet': '(lon:2.19 lat:5.26) -> (lon:2.00 lat:5.00)', 'sur_velo': 'False', 'velo': 'False', 'vitesse': '0.20858012519045266', 'destination_finale': '(lon:6.24 lat:2.75)', 'sportif': 'False', 'casseur': 'False', 'statut': 'employe', 'salaire': '22114.24077934936'}"
0,2.0,5.0,24,136,"{'id': '24', 'vitesse_a_pied': '0.20858012519045266', 'vitesse_a_velo': '0.5562136671745405', 'trajet': '(lon:2.19 lat:5.26) -> (lon:2.00 lat:5.00)', 'sur_velo': 'False', 'velo': 'False', 'vitesse': '0.20858012519045266', 'destination_finale': '(lon:6.24 lat:2.75)', 'sportif': 'False', 'casseur': 'False', 'statut': 'employe', 'salaire': '22114.24077934936'}"
0,2.0,5.0,24,137,"{'id': '24', 'vitesse_a_pied': '0.20858012519045266', 'vitesse_a_velo': '0.5562136671745405', 'trajet': '(lon:2.00 lat:5.00) -> (lon:6.00 lat:3.00)', 'sur_velo': 'True', 'velo': ""'id': 2, 'performance': 2"", 'vitesse': '0.27380343183928463', 'destination_finale': '(lon:6.24 lat:2.75)', 'sportif': 'False', 'casseur': 'False', 'statut': 'employe', 'salaire': '22114.24077934936'}"
0,2.244897234426148,4.877551382786926,24,138,"{'id': '24', 'vitesse_a_pied': '0.20858012519045266', 'vitesse_a_velo': '0.5562136671745405', 'trajet': '(lon:2.00 lat:5.00) -> (lon:6.00 lat:3.00)', 'sur_velo': 'True', 'velo': ""'id': 2, 'performance': 2"", 'vitesse': '0.27380343183928463', 'destination_finale': '(lon:6.24 lat:2.75)', 'sportif': 'False', 'casseur': 'False', 'statut': 'employe', 'salaire': '22114.24077934936'}"
0,2.4897944688522964,4.755102765573852,24,139,"{'id': '24', 'vitesse_a_pied': '0.20858012519045266', 'vitesse_a_velo': '0.5562136671745405', 'trajet': '(lon:2.00 lat:5.00) -> (lon:6.00 lat:3.00)', 'sur_velo': 'True', 'velo': ""'id': 2, 'performance': 2"", 'vitesse': '0.27380343183928463', 'destination_finale': '(lon:6.24 lat:2.75)', 'sportif': 'False', 'casseur': 'False', 'statut': 'employe', 'salaire': '22114.24077934936'}"
0,2.7346917032784446,4.632654148360778,24,140,"{'id': '24', 'vitesse_a_pied': '0.20858012519045266', 'vitesse_a_velo': '0.5562136671745405', 'trajet': '(lon:2.00 lat:5.00) -> (lon:6.00 lat:3.00)', 'sur_velo': 'True', 'velo': ""'id': 2, 'performance': 2"", 'vitesse': '0.27380343183928463', 'destination_finale': '(lon:6.24 lat:2.75)', 'sportif': 'False', 'casseur': 'False', 'statut': 'employe', 'salaire': '22114.24077934936'}"
0,2.9795889377045928,4.5102055311477045,24,141,"{'id': '24', 'vitesse_a_pied': '0.20858012519045266', 'vitesse_a_velo': '0.5562136671745405', 'trajet': '(lon:2.00 lat:5.00) -> (lon:6.00 lat:3.00)', 'sur_velo': 'True', 'velo': ""'id': 2, 'performance': 2"", 'vitesse': '0.27380343183928463', 'destination_finale': '(lon:6.24 lat:2.75)', 'sportif': 'False', 'casseur': 'False', 'statut': 'employe', 'salaire': '22114.24077934936'}"
0,3.224486172130741,4.387756913934631,24,142,"{'id': '24', 'vitesse_a_pied': '0.20858012519045266', 'vitesse_a_velo': '0.5562136671745405', 'trajet': '(lon:2.00 lat:5.00) -> (lon:6.00 lat:3.00)', 'sur_velo': 'True', 'velo': ""'id': 2, 'performance': 2"", 'vitesse': '0.27380343183928463', 'destination_finale': '(lon:6.24 lat:2.75)', 'sportif': 'False', 'casseur': 'False', 'statut': 'employe', 'salaire': '22114.24077934936'}"
0,3.469383406556889,4.265308296721557,24,143,"{'id': '24', 'vitesse_a_pied': '0.20858012519045266', 'vitesse_a_velo': '0.5562136671745405', 'trajet': '(lon:2.00 lat:5.00) -> (lon:6.00 lat:3.00)', 'sur_velo': 'True', 'velo': ""'id': 2, 'performance': 2"", 'vitesse': '0.27380343183928463', 'destination_finale': '(lon:6.24 lat:2.75)', 'sportif': 'False', 'casseur': 'False', 'statut': 'employe', 'salaire': '22114.24077934936'}"
0,3.7142806409830373,4.142859679508483,24,144,"{'id': '24', 'vitesse_a_pied': '0.20858012519045266', 'vitesse_a_velo': '0.5562136671745405', 'trajet': '(lon:2.00 lat:5.00) -> (lon:6.00 lat:3.00)', 'sur_velo': 'True', 'velo': ""'id': 2, 'performance': 2"", 'vitesse': '0.27380343183928463', 'destination_finale': '(lon:6.24 lat:2.75)', 'sportif': 'False', 'casseur': 'False', 'statut': 'employe', 'salaire': '22114.24077934936'}"
0,3.9591778754091855,4.020411062295409,24,145,"{'id': '24', 'vitesse_a_pied': '0.20858012519045266', 'vitesse_a_velo': '0.5562136671745405', 'trajet': '(lon:2.00 lat:5.00) -> (lon:6.00 lat:3.00)', 'sur_velo': 'True', 'velo': ""'id': 2, 'performance': 2"", 'vitesse': '0.27380343183928463', 'destination_finale': '(lon:6.24 lat:2.75)', 'sportif': 'False', 'casseur': 'False', 'statut': 'employe', 'salaire': '22114.24077934936'}"
0,4.204075109835334,3.8979624450823347,24,146,"{'id': '24', 'vitesse_a_pied': '0.20858012519045266', 'vitesse_a_velo': '0.5562136671745405', 'trajet': '(lon:2.00 lat:5.00) -> (lon:6.00 lat:3.00)', 'sur_velo': 'True', 'velo': ""'id': 2, 'performance': 2"", 'vitesse': '0.27380343183928463', 'destination_finale': '(lon:6.24 lat:2.75)', 'sportif': 'False', 'casseur': 'False', 'statut': 'employe', 'salaire': '22114.24077934936'}"
0,4.448972344261483,3.7755138278692604,24,147,"{'id': '24', 'vitesse_a_pied': '0.20858012519045266', 'vitesse_a_velo': '0.5562136671745405', 'trajet': '(lon:2.00 lat:5.00) -> (lon:6.00 lat:3.00)', 'sur_velo': 'True', 'velo': ""'id': 2, 'performance': 2"", 'vitesse': '0.27380343183928463', 'destination_finale': '(lon:6.24 lat:2.75)', 'sportif': 'False', 'casseur': 'False', 'statut': 'employe', 'salaire': '22114.24077934936'}"
0,4.693869578687631,3.653065210656186,24,148,"{'id': '24', 'vitesse_a_pied': '0.20858012519045266', 'vitesse_a_velo': '0.5562136671745405', 'trajet': '(lon:2.00 lat:5.00) -> (lon:6.00 lat:3.00)', 'sur_velo': 'True', 'velo': ""'id': 2, 'performance': 2"", 'vitesse': '0.27380343183928463', 'destination_finale': '(lon:6.24 lat:2.75)', 'sportif': 'False', 'casseur': 'False', 'statut': 'employe', 'salaire': '22114.24077934936'}"
0,4.93876681311378,3.5306165934431117,24,149,"{'id': '24', 'vitesse_a_pied': '0.20858012519045266', 'vitesse_a_velo': '0.5562136671745405', 'trajet': '(lon:2.00 lat:5.00) -> (lon:6.00 lat:3.00)', 'sur_velo': 'True', 'velo': ""'id': 2, 'performance': 2"", 'vitesse': '0.27380343183928463', 'destination_finale': '(lon:6.24 lat:2.75)', 'sportif': 'False', 'casseur': 'False', 'statut': 'employe', 'salaire': '22114.24077934936'}"
0,5.183664047539929,3.4081679762300374,24,150,"{'id': '24', 'vitesse_a_pied': '0.20858012519045266', 'vitesse_a_velo': '0.5562136671745405', 'trajet': '(lon:2.00 lat:5.00) -> (lon:6.00 lat:3.00)', 'sur_velo': 'True', 'velo': ""'id': 2, 'performance': 2"", 'vitesse': '0.27380343183928463', 'destination_finale': '(lon:6.24 lat:2.75)', 'sportif': 'False', 'casseur': 'False', 'statut': 'employe', 'salaire': '22114.24077934936'}"
0,5.428561281966077,3.285719359016963,24,151,"{'id': '24', 'vitesse_a_pied': '0.20858012519045266', 'vitesse_a_velo': '0.5562136671745405', 'trajet': '(lon:2.00 lat:5.00) -> (lon:6.00 lat:3.00)', 'sur_velo': 'True', 'velo': ""'id': 2, 'performance': 2"", 'vitesse': '0.27380343183928463', 'destination_finale': '(lon:6.24 lat:2.75)', 'sportif': 'False', 'casseur': 'False', 'statut': 'employe', 'salaire': '22114.24077934936'}"
0,5.673458516392226,3.163270741803889,24,152,"{'id': '24', 'vitesse_a_pied': '0.20858012519045266', 'vitesse_a_velo': '0.5562136671745405', 'trajet': '(lon:2.00 lat:5.00) -> (lon:6.00 lat:3.00)', 'sur_velo': 'True', 'velo': ""'id': 2, 'performance': 2"", 'vitesse': '0.27380343183928463', 'destination_finale': '(lon:6.24 lat:2.75)', 'sportif': 'False', 'casseur': 'False', 'statut': 'employe', 'salaire': '22114.24077934936'}"
0,5.918355750818375,3.0408221245908145,24,153,"{'id': '24', 'vitesse_a_pied': '0.20858012519045266', 'vitesse_a_velo': '0.5562136671745405', 'trajet': '(lon:2.00 lat:5.00) -> (lon:6.00 lat:3.00)', 'sur_velo': 'True', 'velo': ""'id': 2, 'performance': 2"", 'vitesse': '0.27380343183928463', 'destination_finale': '(lon:6.24 lat:2.75)', 'sportif': 'False', 'casseur': 'False', 'statut': 'employe', 'salaire': '22114.24077934936'}"
0,6.0,3.0,24,154,"{'id': '24', 'vitesse_a_pied': '0.20858012519045266', 'vitesse_a_velo': '0.5562136671745405', 'trajet': '(lon:2.00 lat:5.00) -> (lon:6.00 lat:3.00)', 'sur_velo': 'True', 'velo': ""'id': 2, 'performance': 2"", 'vitesse': '0.27380343183928463', 'destination_finale': '(lon:6.24 lat:2.75)', 'sportif': 'False', 'casseur': 'False', 'statut': 'employe', 'salaire': '22114.24077934936'}"
0,6.0,3.0,24,155,"{'id': '24', 'vitesse_a_pied': '0.20858012519045266', 'vitesse_a_velo': '0.5562136671745405', 'trajet': '(lon:6.00 lat:3.00) -> (lon:6.24 lat:2.75)', 'sur_velo': 'False', 'velo': 'False', 'vitesse': '0.20858012519045266', 'destination_finale': '(lon:6.24 lat:2.75)', 'sportif': 'False', 'casseur': 'False', 'statut': 'employe', 'salaire': '22114.24077934936'}"
0,6.142764913195458,2.847934723934889,24,156,"{'id': '24', 'vitesse_a_pied': '0.20858012519045266', 'vitesse_a_velo': '0.5562136671745405', 'trajet': '(lon:6.00 lat:3.00) -> (lon:6.24 lat:2.75)', 'sur_velo': 'False', 'velo': 'False', 'vitesse': '0.20858012519045266', 'destination_finale': '(lon:6.24 lat:2.75)', 'sportif': 'False', 'casseur': 'False', 'statut': 'employe', 'salaire': '22114.24077934936'}"
0,6.285529826390915,2.695869447869778,24,157,"{'id': '24', 'vitesse_a_pied': '0.20858012519045266', 'vitesse_a_velo': '0.5562136671745405', 'trajet': '(lon:6.00 lat:3.00) -> (lon:6.24 lat:2.75)', 'sur_velo': 'False', 'velo': 'False', 'vitesse': '0.20858012519045266', 'destination_finale': '(lon:6.24 lat:2.75)', 'sportif': 'False', 'casseur': 'False', 'statut': 'employe', 'salaire': '22114.24077934936'}"
0,6.238746021278979,2.7457009651557014,24,158,"{'id': '24', 'vitesse_a_pied': '0.20858012519045266', 'vitesse_a_velo': '0.5562136671745405', 'trajet': '(lon:6.00 lat:3.00) -> (lon:6.24 lat:2.75)', 'sur_velo': 'False', 'velo': 'False', 'vitesse': '0.20858012519045266', 'destination_finale': '(lon:6.24 lat:2.75)', 'sportif': 'False', 'casseur': 'False', 'statut': 'employe', 'salaire': '22114.24077934936'}"
0,6.238746021278979,2.7457009651557014,24,159,"{'id': '24', 'vitesse_a_pied': '0.20858012519045266', 'vitesse_a_velo': '0.5562136671745405', 'trajet': '(lon:6.24 lat:2.75) -> (lon:6.00 lat:3.00)', 'sur_velo': 'False', 'velo': 'False', 'vitesse': '0.20858012519045266', 'destination_finale': '(lon:2.19 lat:5.26)', 'sportif': 'False', 'casseur': 'False', 'statut': 'employe', 'salaire': '22114.24077934936'}"
0,6.095981108083522,2.8977662412208125,24,160,"{'id': '24', 'vitesse_a_pied': '0.20858012519045266', 'vitesse_a_velo': '0.5562136671745405', 'trajet': '(lon:6.24 lat:2.75) -> (lon:6.00 lat:3.00)', 'sur_velo': 'False', 'velo': 'False', 'vitesse': '0.20858012519045266', 'destination_finale': '(lon:2.19 lat:5.26)', 'sportif': 'False', 'casseur': 'False', 'statut': 'employe', 'salaire': '22114.24077934936'}"
0,5.953216194888064,3.0498315172859236,24,161,"{'id': '24', 'vitesse_a_pied': '0.20858012519045266', 'vitesse_a_velo': '0.5562136671745405', 'trajet': '(lon:6.24 lat:2.75) -> (lon:6.00 lat:3.00)', 'sur_velo': 'False', 'velo': 'False', 'vitesse': '0.20858012519045266', 'destination_finale': '(lon:2.19 lat:5.26)', 'sportif': 'False', 'casseur': 'False', 'statut': 'employe', 'salaire': '22114.24077934936'}"
0,6.0,3.0,24,162,"{'id': '24', 'vitesse_a_pied': '0.20858012519045266', 'vitesse_a_velo': '0.5562136671745405', 'trajet': '(lon:6.24 lat:2.75) -> (lon:6.00 lat:3.00)', 'sur_velo': 'False', 'velo': 'False', 'vitesse': '0.20858012519045266', 'destination_finale': '(lon:2.19 lat:5.26)', 'sportif': 'False', 'casseur': 'False', 'statut': 'employe', 'salaire': '22114.24077934936'}"
0,6.0,3.0,24,163,"{'id': '24', 'vitesse_a_pied': '0.20858012519045266', 'vitesse_a_velo': '0.5562136671745405', 'trajet': '(lon:6.00 lat:3.00) -> (lon:2.00 lat:5.00)', 'sur_velo': 'True', 'velo': ""'id': 2, 'performance': 2"", 'vitesse': '0.4107499896227179', 'destination_finale': '(lon:2.19 lat:5.26)', 'sportif': 'False', 'casseur': 'False', 'statut': 'employe', 'salaire': '22114.24077934936'}"
0,5.632614040578508,3.183692979710746,24,164,"{'id': '24', 'vitesse_a_pied': '0.20858012519045266', 'vitesse_a_velo': '0.5562136671745405', 'trajet': '(lon:6.00 lat:3.00) -> (lon:2.00 lat:5.00)', 'sur_velo': 'True', 'velo': ""'id': 2, 'performance': 2"", 'vitesse': '0.4107499896227179', 'destination_finale': '(lon:2.19 lat:5.26)', 'sportif': 'False', 'casseur': 'False', 'statut': 'employe', 'salaire': '22114.24077934936'}"
0,5.265228081157016,3.367385959421492,24,165,"{'id': '24', 'vitesse_a_pied': '0.20858012519045266', 'vitesse_a_velo': '0.5562136671745405', 'trajet': '(lon:6.00 lat:3.00) -> (lon:2.00 lat:5.00)', 'sur_velo': 'True', 'velo': ""'id': 2, 'performance': 2"", 'vitesse': '0.4107499896227179', 'destination_finale': '(lon:2.19 lat:5.26)', 'sportif': 'False', 'casseur': 'False', 'statut': 'employe', 'salaire': '22114.24077934936'}"
0,4.897842121735524,3.551078939132238,24,166,"{'id': '24', 'vitesse_a_pied': '0.20858012519045266', 'vitesse_a_velo': '0.5562136671745405', 'trajet': '(lon:6.00 lat:3.00) -> (lon:2.00 lat:5.00)', 'sur_velo': 'True', 'velo': ""'id': 2, 'performance': 2"", 'vitesse': '0.4107499896227179', 'destination_finale': '(lon:2.19 lat:5.26)', 'sportif': 'False', 'casseur': 'False', 'statut': 'employe', 'salaire': '22114.24077934936'}"
0,4.530456162314032,3.734771918842984,24,167,"{'id': '24', 'vitesse_a_pied': '0.20858012519045266', 'vitesse_a_velo': '0.5562136671745405', 'trajet': '(lon:6.00 lat:3.00) -> (lon:2.00 lat:5.00)', 'sur_velo': 'True', 'velo': ""'id': 2, 'performance': 2"", 'vitesse': '0.4107499896227179', 'destination_finale': '(lon:2.19 lat:5.26)', 'sportif': 'False', 'casseur': 'False', 'statut': 'employe', 'salaire': '22114.24077934936'}"
0,4.1630702028925395,3.9184648985537303,24,168,"{'id': '24', 'vitesse_a_pied': '0.20858012519045266', 'vitesse_a_velo': '0.5562136671745405', 'trajet': '(lon:6.00 lat:3.00) -> (lon:2.00 lat:5.00)', 'sur_velo': 'True', 'velo': ""'id': 2, 'performance': 2"", 'vitesse': '0.4107499896227179', 'destination_finale': '(lon:2.19 lat:5.26)', 'sportif': 'False', 'casseur': 'False', 'statut': 'employe', 'salaire': '22114.24077934936'}"
0,3.7956842434710474,4.102157878264476,24,169,"{'id': '24', 'vitesse_a_pied': '0.20858012519045266', 'vitesse_a_velo': '0.5562136671745405', 'trajet': '(lon:6.00 lat:3.00) -> (lon:2.00 lat:5.00)', 'sur_velo': 'True', 'velo': ""'id': 2, 'performance': 2"", 'vitesse': '0.4107499896227179', 'destination_finale': '(lon:2.19 lat:5.26)', 'sportif': 'False', 'casseur': 'False', 'statut': 'employe', 'salaire': '22114.24077934936'}"
0,3.4282982840495553,4.285850857975222,24,170,"{'id': '24', 'vitesse_a_pied': '0.20858012519045266', 'vitesse_a_velo': '0.5562136671745405', 'trajet': '(lon:6.00 lat:3.00) -> (lon:2.00 lat:5.00)', 'sur_velo': 'True', 'velo': ""'id': 2, 'performance': 2"", 'vitesse': '0.4107499896227179', 'destination_finale': '(lon:2.19 lat:5.26)', 'sportif': 'False', 'casseur': 'False', 'statut': 'employe', 'salaire': '22114.24077934936'}"
0,3.060912324628063,4.469543837685968,24,171,"{'id': '24', 'vitesse_a_pied': '0.20858012519045266', 'vitesse_a_velo': '0.5562136671745405', 'trajet': '(lon:6.00 lat:3.00) -> (lon:2.00 lat:5.00)', 'sur_velo': 'True', 'velo': ""'id': 2, 'performance': 2"", 'vitesse': '0.4107499896227179', 'destination_finale': '(lon:2.19 lat:5.26)', 'sportif': 'False', 'casseur': 'False', 'statut': 'employe', 'salaire': '22114.24077934936'}"
0,2.693526365206571,4.6532368173967145,24,172,"{'id': '24', 'vitesse_a_pied': '0.20858012519045266', 'vitesse_a_velo': '0.5562136671745405', 'trajet': '(lon:6.00 lat:3.00) -> (lon:2.00 lat:5.00)', 'sur_velo': 'True', 'velo': ""'id': 2, 'performance': 2"", 'vitesse': '0.4107499896227179', 'destination_finale': '(lon:2.19 lat:5.26)', 'sportif': 'False', 'casseur': 'False', 'statut': 'employe', 'salaire': '22114.24077934936'}"
0,2.326140405785079,4.8369297971074605,24,173,"{'id': '24', 'vitesse_a_pied': '0.20858012519045266', 'vitesse_a_velo': '0.5562136671745405', 'trajet': '(lon:6.00 lat:3.00) -> (lon:2.00 lat:5.00)', 'sur_velo': 'True', 'velo': ""'id': 2, 'performance': 2"", 'vitesse': '0.4107499896227179', 'destination_finale': '(lon:2.19 lat:5.26)', 'sportif': 'False', 'casseur': 'False', 'statut': 'employe', 'salaire': '22114.24077934936'}"
0,1.9587544463635869,5.020622776818207,24,174,"{'id': '24', 'vitesse_a_pied': '0.20858012519045266', 'vitesse_a_velo': '0.5562136671745405', 'trajet': '(lon:6.00 lat:3.00) -> (lon:2.00 lat:5.00)', 'sur_velo': 'True', 'velo': ""'id': 2, 'performance': 2"", 'vitesse': '0.4107499896227179', 'destination_finale': '(lon:2.19 lat:5.26)', 'sportif': 'False', 'casseur': 'False', 'statut': 'employe', 'salaire': '22114.24077934936'}"
0,2.0,5.0,24,175,"{'id': '24', 'vitesse_a_pied': '0.20858012519045266', 'vitesse_a_velo': '0.5562136671745405', 'trajet': '(lon:6.00 lat:3.00) -> (lon:2.00 lat:5.00)', 'sur_velo': 'True', 'velo': ""'id': 2, 'performance': 2"", 'vitesse': '0.4107499896227179', 'destination_finale': '(lon:2.19 lat:5.26)', 'sportif': 'False', 'casseur': 'False', 'statut': 'employe', 'salaire': '22114.24077934936'}"
0,2.0,5.0,24,176,"{'id': '24', 'vitesse_a_pied': '0.20858012519045266', 'vitesse_a_velo': '0.5562136671745405', 'trajet': '(lon:2.00 lat:5.00) -> (lon:2.19 lat:5.26)', 'sur_velo': 'False', 'velo': 'False', 'vitesse': '0.20858012519045266', 'destination_finale': '(lon:2.19 lat:5.26)', 'sportif': 'False', 'casseur': 'False', 'statut': 'employe', 'salaire': '22114.24077934936'}"
0,2.124057424443413,5.16767654595957,24,177,"{'id': '24', 'vitesse_a_pied': '0.20858012519045266', 'vitesse_a_velo': '0.5562136671745405', 'trajet': '(lon:2.00 lat:5.00) -> (lon:2.19 lat:5.26)', 'sur_velo': 'False', 'velo': 'False', 'vitesse': '0.20858012519045266', 'destination_finale': '(lon:2.19 lat:5.26)', 'sportif': 'False', 'casseur': 'False', 'statut': 'employe', 'salaire': '22114.24077934936'}"
0,2.248114848886826,5.33535309191914,24,178,"{'id': '24', 'vitesse_a_pied': '0.20858012519045266', 'vitesse_a_velo': '0.5562136671745405', 'trajet': '(lon:2.00 lat:5.00) -> (lon:2.19 lat:5.26)', 'sur_velo': 'False', 'velo': 'False', 'vitesse': '0.20858012519045266', 'destination_finale': '(lon:2.19 lat:5.26)', 'sportif': 'False', 'casseur': 'False', 'statut': 'employe', 'salaire': '22114.24077934936'}"
0,2.194304931865436,5.262623377716237,24,179,"{'id': '24', 'vitesse_a_pied': '0.20858012519045266', 'vitesse_a_velo': '0.5562136671745405', 'trajet': '(lon:2.00 lat:5.00) -> (lon:2.19 lat:5.26)', 'sur_velo': 'False', 'velo': 'False', 'vitesse': '0.20858012519045266', 'destination_finale': '(lon:2.19 lat:5.26)', 'sportif': 'False', 'casseur': 'False', 'statut': 'employe', 'salaire': '22114.24077934936'}"
0,2.194304931865436,5.262623377716237,24,180,"{'id': '24', 'vitesse_a_pied': '0.20858012519045266', 'vitesse_a_velo': '0.5562136671745405', 'trajet': '(lon:2.19 lat:5.26) -> (lon:2.00 lat:5.00)', 'sur_velo': 'False', 'velo': 'False', 'vitesse': '0.20858012519045266', 'destination_finale': '(lon:6.24 lat:2.75)', 'sportif': 'False', 'casseur': 'False', 'statut': 'employe', 'salaire': '22114.24077934936'}"
0,2.0702475074220232,5.094946831756666,24,181,"{'id': '24', 'vitesse_a_pied': '0.20858012519045266', 'vitesse_a_velo': '0.5562136671745405', 'trajet': '(lon:2.19 lat:5.26) -> (lon:2.00 lat:5.00)', 'sur_velo': 'False', 'velo': 'False', 'vitesse': '0.20858012519045266', 'destination_finale': '(lon:6.24 lat:2.75)', 'sportif': 'False', 'casseur': 'False', 'statut': 'employe', 'salaire': '22114.24077934936'}"
0,1.9461900829786103,4.927270285797096,24,182,"{'id': '24', 'vitesse_a_pied': '0.20858012519045266', 'vitesse_a_velo': '0.5562136671745405', 'trajet': '(lon:2.19 lat:5.26) -> (lon:2.00 lat:5.00)', 'sur_velo': 'False', 'velo': 'False', 'vitesse': '0.20858012519045266', 'destination_finale': '(lon:6.24 lat:2.75)', 'sportif': 'False', 'casseur': 'False', 'statut': 'employe', 'salaire': '22114.24077934936'}"
0,2.0,5.0,24,183,"{'id': '24', 'vitesse_a_pied': '0.20858012519045266', 'vitesse_a_velo': '0.5562136671745405', 'trajet': '(lon:2.19 lat:5.26) -> (lon:2.00 lat:5.00)', 'sur_velo': 'False', 'velo': 'False', 'vitesse': '0.20858012519045266', 'destination_finale': '(lon:6.24 lat:2.75)', 'sportif': 'False', 'casseur': 'False', 'statut': 'employe', 'salaire': '22114.24077934936'}"
0,2.0,5.0,24,184,"{'id': '24', 'vitesse_a_pied': '0.20858012519045266', 'vitesse_a_velo': '0.5562136671745405', 'trajet': '(lon:2.00 lat:5.00) -> (lon:6.00 lat:3.00)', 'sur_velo': 'True', 'velo': ""'id': 2, 'performance': 2"", 'vitesse': '0.39838713483682336', 'destination_finale': '(lon:6.24 lat:2.75)', 'sportif': 'False', 'casseur': 'False', 'statut': 'employe', 'salaire': '22114.24077934936'}"
0,2.3563282859426047,4.821835857028698,24,185,"{'id': '24', 'vitesse_a_pied': '0.20858012519045266', 'vitesse_a_velo': '0.5562136671745405', 'trajet': '(lon:2.00 lat:5.00) -> (lon:6.00 lat:3.00)', 'sur_velo': 'True', 'velo': ""'id': 2, 'performance': 2"", 'vitesse': '0.39838713483682336', 'destination_finale': '(lon:6.24 lat:2.75)', 'sportif': 'False', 'casseur': 'False', 'statut': 'employe', 'salaire': '22114.24077934936'}"
0,2.7126565718852094,4.643671714057396,24,186,"{'id': '24', 'vitesse_a_pied': '0.20858012519045266', 'vitesse_a_velo': '0.5562136671745405', 'trajet': '(lon:2.00 lat:5.00) -> (lon:6.00 lat:3.00)', 'sur_velo': 'True', 'velo': ""'id': 2, 'performance': 2"", 'vitesse': '0.39838713483682336', 'destination_finale': '(lon:6.24 lat:2.75)', 'sportif': 'False', 'casseur': 'False', 'statut': 'employe', 'salaire': '22114.24077934936'}"
0,3.068984857827814,4.465507571086094,24,187,"{'id': '24', 'vitesse_a_pied': '0.20858012519045266', 'vitesse_a_velo': '0.5562136671745405', 'trajet': '(lon:2.00 lat:5.00) -> (lon:6.00 lat:3.00)', 'sur_velo': 'True', 'velo': ""'id': 2, 'performance': 2"", 'vitesse': '0.39838713483682336', 'destination_finale': '(lon:6.24 lat:2.75)', 'sportif': 'False', 'casseur': 'False', 'statut': 'employe', 'salaire': '22114.24077934936'}"
0,3.4253131437704187,4.2873434281147915,24,188,"{'id': '24', 'vitesse_a_pied': '0.20858012519045266', 'vitesse_a_velo': '0.5562136671745405', 'trajet': '(lon:2.00 lat:5.00) -> (lon:6.00 lat:3.00)', 'sur_velo': 'True', 'velo': ""'id': 2, 'performance': 2"", 'vitesse': '0.39838713483682336', 'destination_finale': '(lon:6.24 lat:2.75)', 'sportif': 'False', 'casseur': 'False', 'statut': 'employe', 'salaire': '22114.24077934936'}"
0,3.7816414297130234,4.109179285143489,24,189,"{'id': '24', 'vitesse_a_pied': '0.20858012519045266', 'vitesse_a_velo': '0.5562136671745405', 'trajet': '(lon:2.00 lat:5.00) -> (lon:6.00 lat:3.00)', 'sur_velo': 'True', 'velo': ""'id': 2, 'performance': 2"", 'vitesse': '0.39838713483682336', 'destination_finale': '(lon:6.24 lat:2.75)', 'sportif': 'False', 'casseur': 'False', 'statut': 'employe', 'salaire': '22114.24077934936'}"
0,4.137969715655628,3.9310151421721873,24,190,"{'id': '24', 'vitesse_a_pied': '0.20858012519045266', 'vitesse_a_velo': '0.5562136671745405', 'trajet': '(lon:2.00 lat:5.00) -> (lon:6.00 lat:3.00)', 'sur_velo': 'True', 'velo': ""'id': 2, 'performance': 2"", 'vitesse': '0.39838713483682336', 'destination_finale': '(lon:6.24 lat:2.75)', 'sportif': 'False', 'casseur': 'False', 'statut': 'employe', 'salaire': '22114.24077934936'}"
0,4.494298001598232,3.752850999200885,24,191,"{'id': '24', 'vitesse_a_pied': '0.20858012519045266', 'vitesse_a_velo': '0.5562136671745405', 'trajet': '(lon:2.00 lat:5.00) -> (lon:6.00 lat:3.00)', 'sur_velo': 'True', 'velo': ""'id': 2, 'performance': 2"", 'vitesse': '0.39838713483682336', 'destination_finale': '(lon:6.24 lat:2.75)', 'sportif': 'False', 'casseur': 'False', 'statut': 'employe', 'salaire': '22114.24077934936'}"
0,4.850626287540837,3.574686856229583,24,192,"{'id': '24', 'vitesse_a_pied': '0.20858012519045266', 'vitesse_a_velo': '0.5562136671745405', 'trajet': '(lon:2.00 lat:5.00) -> (lon:6.00 lat:3.00)', 'sur_velo': 'True', 'velo': ""'id': 2, 'performance': 2"", 'vitesse': '0.39838713483682336', 'destination_finale': '(lon:6.24 lat:2.75)', 'sportif': 'False', 'casseur': 'False', 'statut': 'employe', 'salaire': '22114.24077934936'}"
0,5.206954573483441,3.396522713258281,24,193,"{'id': '24', 'vitesse_a_pied': '0.20858012519045266', 'vitesse_a_velo': '0.5562136671745405', 'trajet': '(lon:2.00 lat:5.00) -> (lon:6.00 lat:3.00)', 'sur_velo': 'True', 'velo': ""'id': 2, 'performance': 2"", 'vitesse': '0.39838713483682336', 'destination_finale': '(lon:6.24 lat:2.75)', 'sportif': 'False', 'casseur': 'False', 'statut': 'employe', 'salaire': '22114.24077934936'}"
0,5.563282859426045,3.218358570286979,24,194,"{'id': '24', 'vitesse_a_pied': '0.20858012519045266', 'vitesse_a_velo': '0.5562136671745405', 'trajet': '(lon:2.00 lat:5.00) -> (lon:6.00 lat:3.00)', 'sur_velo': 'True', 'velo': ""'id': 2, 'performance': 2"", 'vitesse': '0.39838713483682336', 'destination_finale': '(lon:6.24 lat:2.75)', 'sportif': 'False', 'casseur': 'False', 'statut': 'employe', 'salaire': '22114.24077934936'}"
0,5.919611145368649,3.0401944273156767,24,195,"{'id': '24', 'vitesse_a_pied': '0.20858012519045266', 'vitesse_a_velo': '0.5562136671745405', 'trajet': '(lon:2.00 lat:5.00) -> (lon:6.00 lat:3.00)', 'sur_velo': 'True', 'velo': ""'id': 2, 'performance': 2"", 'vitesse': '0.39838713483682336', 'destination_finale': '(lon:6.24 lat:2.75)', 'sportif': 'False', 'casseur': 'False', 'statut': 'employe', 'salaire': '22114.24077934936'}"
0,6.0,3.0,24,196,"{'id': '24', 'vitesse_a_pied': '0.20858012519045266', 'vitesse_a_velo': '0.5562136671745405', 'trajet': '(lon:2.00 lat:5.00) -> (lon:6.00 lat:3.00)', 'sur_velo': 'True', 'velo': ""'id': 2, 'performance': 2"", 'vitesse': '0.39838713483682336', 'destination_finale': '(lon:6.24 lat:2.75)', 'sportif': 'False', 'casseur': 'False', 'statut': 'employe', 'salaire': '22114.24077934936'}"
0,6.0,3.0,24,197,"{'id': '24', 'vitesse_a_pied': '0.20858012519045266', 'vitesse_a_velo': '0.5562136671745405', 'trajet': '(lon:6.00 lat:3.00) -> (lon:6.24 lat:2.75)', 'sur_velo': 'False', 'velo': 'False', 'vitesse': '0.20858012519045266', 'destination_finale': '(lon:6.24 lat:2.75)', 'sportif': 'False', 'casseur': 'False', 'statut': 'employe', 'salaire': '22114.24077934936'}"
0,6.142764913195458,2.847934723934889,24,198,"{'id': '24', 'vitesse_a_pied': '0.20858012519045266', 'vitesse_a_velo': '0.5562136671745405', 'trajet': '(lon:6.00 lat:3.00) -> (lon:6.24 lat:2.75)', 'sur_velo': 'False', 'velo': 'False', 'vitesse': '0.20858012519045266', 'destination_finale': '(lon:6.24 lat:2.75)', 'sportif': 'False', 'casseur': 'False', 'statut': 'employe', 'salaire': '22114.24077934936'}"
0,6.285529826390915,2.695869447869778,24,199,"{'id': '24', 'vitesse_a_pied': '0.20858012519045266', 'vitesse_a_velo': '0.5562136671745405', 'trajet': '(lon:6.00 lat:3.00) -> (lon:6.24 lat:2.75)', 'sur_velo': 'False', 'velo': 'False', 'vitesse': '0.20858012519045266', 'destination_finale': '(lon:6.24 lat:2.75)', 'sportif': 'False', 'casseur': 'False', 'statut': 'employe', 'salaire': '22114.24077934936'}"
0,6.238746021278979,2.7457009651557014,24,200,"{'id': '24', 'vitesse_a_pied': '0.20858012519045266', 'vitesse_a_velo': '0.5562136671745405', 'trajet': '(lon:6.00 lat:3.00) -> (lon:6.24 lat:2.75)', 'sur_velo': 'False', 'velo': 'False', 'vitesse': '0.20858012519045266', 'destination_finale': '(lon:6.24 lat:2.75)', 'sportif': 'False', 'casseur': 'False', 'statut': 'employe', 'salaire': '22114.24077934936'}"
0,6.238746021278979,2.7457009651557014,24,201,"{'id': '24', 'vitesse_a_pied': '0.20858012519045266', 'vitesse_a_velo': '0.5562136671745405', 'trajet': '(lon:6.24 lat:2.75) -> (lon:6.00 lat:3.00)', 'sur_velo': 'False', 'velo': 'False', 'vitesse': '0.20858012519045266', 'destination_finale': '(lon:2.19 lat:5.26)', 'sportif': 'False', 'casseur': 'False', 'statut': 'employe', 'salaire': '22114.24077934936'}"
